{"time_series": {"min_data": [[1604102400000.0, 0.008904187008738518], [1606694400000.0, 0.028722034767270088], [1609372800000.0, 0.12378562241792679], [1612051200000.0, 0.14565454423427582], [1614470400000.0, 0.40712839365005493], [1617148800000.0, 1.075709342956543]], "max_data": [[1604102400000.0, 0.12017852067947388], [1606694400000.0, 0.1368342638015747], [1609372800000.0, 0.29703158140182495], [1612051200000.0, 0.31718674302101135], [1614470400000.0, 0.6583280563354492], [1617148800000.0, 1.4316802024841309]], "median_data": [[1604102400000.0, 0.01273589301854372], [1606694400000.0, 0.062129825353622437], [1609372800000.0, 0.22433893382549286], [1612051200000.0, 0.2659156620502472], [1614470400000.0, 0.6028771996498108], [1617148800000.0, 1.3843703269958496]], "mean_data": [[1604102400000.0, 0.04700310373057922], [1606694400000.0, 0.07664765189919207], [1609372800000.0, 0.21274852835469776], [1612051200000.0, 0.24043255713250902], [1614470400000.0, 0.5556781027052138], [1617148800000.0, 1.2963451941808064]]}, "success": "success", "interval": "mm"}