{"singleline": [[1604188800000, -0.2570375410192039, 11, 2020], [1606780800000, 0.38907342760459235, 12, 2020], [1609459200000, 0.5041087289219317, 1, 2021], [1612137600000, 0.6562554823315662, 2, 2021], [1614556800000, 0.35078319615643955, 3, 2021], [1617235200000, 0.3874882255559382, 4, 2021], [1619827200000, -0.271428426646668, 5, 2021], [1622505600000, -0.05739736069359503, 6, 2021]], "multiline": {"min": [[1604188800000, -1.200888990060143], [1604188800000, -1.200888990060143], [1604188800000, -1.200888990060143], [1604188800000, -1.200888990060143], [1604188800000, -1.200888990060143], [1604188800000, -1.200888990060143], [1604188800000, -1.200888990060143], [1604188800000, -1.200888990060143], [1606780800000, -0.3472268415372009], [1606780800000, -0.3472268415372009], [1606780800000, -0.3472268415372009], [1606780800000, -0.3472268415372009], [1606780800000, -0.3472268415372009], [1606780800000, -0.3472268415372009], [1606780800000, -0.3472268415372009], [1606780800000, -0.3472268415372009], [1609459200000, -0.9732281721156576], [1609459200000, -0.9732281721156576], [1609459200000, -0.9732281721156576], [1609459200000, -0.9732281721156576], [1609459200000, -0.9732281721156576], [1609459200000, -0.9732281721156576], [1609459200000, -0.9732281721156576], [1609459200000, -0.9732281721156576], [1612137600000, -0.6839381223139556], [1612137600000, -0.6839381223139556], [1612137600000, -0.6839381223139556], [1612137600000, -0.6839381223139556], [1612137600000, -0.6839381223139556], [1612137600000, -0.6839381223139556], [1612137600000, -0.6839381223139556], [1612137600000, -0.6839381223139556], [1614556800000, -0.5793723334436831], [1614556800000, -0.5793723334436831], [1614556800000, -0.5793723334436831], [1614556800000, -0.5793723334436831], [1614556800000, -0.5793723334436831], [1614556800000, -0.5793723334436831], [1614556800000, -0.5793723334436831], [1614556800000, -0.5793723334436831], [1617235200000, -1.3583275079727173], [1617235200000, -1.3583275079727173], [1617235200000, -1.3583275079727173], [1617235200000, -1.3583275079727173], [1617235200000, -1.3583275079727173], [1617235200000, -1.3583275079727173], [1617235200000, -1.3583275079727173], [1617235200000, -1.3583275079727173], [1619827200000, -2.1793851074965103], [1619827200000, -2.1793851074965103], [1619827200000, -2.1793851074965103], [1619827200000, -2.1793851074965103], [1619827200000, -2.1793851074965103], [1619827200000, -2.1793851074965103], [1619827200000, -2.1793851074965103], [1619827200000, -2.1793851074965103], [1622505600000, -0.8154203075429668], [1622505600000, -0.8154203075429668], [1622505600000, -0.8154203075429668], [1622505600000, -0.8154203075429668], [1622505600000, -0.8154203075429668], [1622505600000, -0.8154203075429668], [1622505600000, -0.8154203075429668], [1622505600000, -0.8154203075429668]], "max": [[1604188800000, 0.8519991143890049], [1604188800000, 0.8519991143890049], [1604188800000, 0.8519991143890049], [1604188800000, 0.8519991143890049], [1604188800000, 0.8519991143890049], [1604188800000, 0.8519991143890049], [1604188800000, 0.8519991143890049], [1604188800000, 0.8519991143890049], [1606780800000, 1.6843776858371238], [1606780800000, 1.6843776858371238], [1606780800000, 1.6843776858371238], [1606780800000, 1.6843776858371238], [1606780800000, 1.6843776858371238], [1606780800000, 1.6843776858371238], [1606780800000, 1.6843776858371238], [1606780800000, 1.6843776858371238], [1609459200000, 1.5388738305672356], [1609459200000, 1.5388738305672356], [1609459200000, 1.5388738305672356], [1609459200000, 1.5388738305672356], [1609459200000, 1.5388738305672356], [1609459200000, 1.5388738305672356], [1609459200000, 1.5388738305672356], [1609459200000, 1.5388738305672356], [1612137600000, 1.8609452299449756], [1612137600000, 1.8609452299449756], [1612137600000, 1.8609452299449756], [1612137600000, 1.8609452299449756], [1612137600000, 1.8609452299449756], [1612137600000, 1.8609452299449756], [1612137600000, 1.8609452299449756], [1612137600000, 1.8609452299449756], [1614556800000, 1.551808546418729], [1614556800000, 1.551808546418729], [1614556800000, 1.551808546418729], [1614556800000, 1.551808546418729], [1614556800000, 1.551808546418729], [1614556800000, 1.551808546418729], [1614556800000, 1.551808546418729], [1614556800000, 1.551808546418729], [1617235200000, 1.7886126844779304], [1617235200000, 1.7886126844779304], [1617235200000, 1.7886126844779304], [1617235200000, 1.7886126844779304], [1617235200000, 1.7886126844779304], [1617235200000, 1.7886126844779304], [1617235200000, 1.7886126844779304], [1617235200000, 1.7886126844779304], [1619827200000, 1.2745510922825856], [1619827200000, 1.2745510922825856], [1619827200000, 1.2745510922825856], [1619827200000, 1.2745510922825856], [1619827200000, 1.2745510922825856], [1619827200000, 1.2745510922825856], [1619827200000, 1.2745510922825856], [1619827200000, 1.2745510922825856], [1622505600000, 0.6376701842831529], [1622505600000, 0.6376701842831529], [1622505600000, 0.6376701842831529], [1622505600000, 0.6376701842831529], [1622505600000, 0.6376701842831529], [1622505600000, 0.6376701842831529], [1622505600000, 0.6376701842831529], [1622505600000, 0.6376701842831529]], "mean": [[1604188800000, -0.2570375411925615], [1604188800000, -0.2570375411925615], [1604188800000, -0.2570375411925615], [1604188800000, -0.2570375411925615], [1604188800000, -0.2570375411925615], [1604188800000, -0.2570375411925615], [1604188800000, -0.2570375411925615], [1604188800000, -0.2570375411925615], [1606780800000, 0.3890734287624187], [1606780800000, 0.3890734287624187], [1606780800000, 0.3890734287624187], [1606780800000, 0.3890734287624187], [1606780800000, 0.3890734287624187], [1606780800000, 0.3890734287624187], [1606780800000, 0.3890734287624187], [1606780800000, 0.3890734287624187], [1609459200000, 0.5041087317892917], [1609459200000, 0.5041087317892917], [1609459200000, 0.5041087317892917], [1609459200000, 0.5041087317892917], [1609459200000, 0.5041087317892917], [1609459200000, 0.5041087317892917], [1609459200000, 0.5041087317892917], [1609459200000, 0.5041087317892917], [1612137600000, 0.6562554862188257], [1612137600000, 0.6562554862188257], [1612137600000, 0.6562554862188257], [1612137600000, 0.6562554862188257], [1612137600000, 0.6562554862188257], [1612137600000, 0.6562554862188257], [1612137600000, 0.6562554862188257], [1612137600000, 0.6562554862188257], [1614556800000, 0.3507831961336627], [1614556800000, 0.3507831961336627], [1614556800000, 0.3507831961336627], [1614556800000, 0.3507831961336627], [1614556800000, 0.3507831961336627], [1614556800000, 0.3507831961336627], [1614556800000, 0.3507831961336627], [1614556800000, 0.3507831961336627], [1617235200000, 0.38748822600135335], [1617235200000, 0.38748822600135335], [1617235200000, 0.38748822600135335], [1617235200000, 0.38748822600135335], [1617235200000, 0.38748822600135335], [1617235200000, 0.38748822600135335], [1617235200000, 0.38748822600135335], [1617235200000, 0.38748822600135335], [1619827200000, -0.2714284253306687], [1619827200000, -0.2714284253306687], [1619827200000, -0.2714284253306687], [1619827200000, -0.2714284253306687], [1619827200000, -0.2714284253306687], [1619827200000, -0.2714284253306687], [1619827200000, -0.2714284253306687], [1619827200000, -0.2714284253306687], [1622505600000, -0.05739736097201903], [1622505600000, -0.05739736097201903], [1622505600000, -0.05739736097201903], [1622505600000, -0.05739736097201903], [1622505600000, -0.05739736097201903], [1622505600000, -0.05739736097201903], [1622505600000, -0.05739736097201903], [1622505600000, -0.05739736097201903]]},