{"time_series": {"min_data": [[1564531200000.0, 162.0481719970703], [1567209600000.0, 159.93218994140625], [1569801600000.0, 159.3203125], [1572480000000.0, 176.7550506591797], [1575072000000.0, 195.0879669189453], [1577750400000.0, 188.11004638671875], [1580428800000.0, 188.11004638671875], [1582934400000.0, 188.11004638671875], [1585612800000.0, 188.11004638671875], [1588204800000.0, 188.11004638671875], [1590883200000.0, 188.11004638671875], [1593475200000.0, 188.11004638671875]], "max_data": [[1564531200000.0, 188.7163848876953], [1567209600000.0, 185.5467987060547], [1569801600000.0, 185.1033172607422], [1572480000000.0, 204.8868865966797], [1575072000000.0, 223.75071716308594], [1577750400000.0, 207.720947265625], [1580428800000.0, 207.720947265625], [1582934400000.0, 207.720947265625], [1585612800000.0, 207.720947265625], [1588204800000.0, 207.720947265625], [1590883200000.0, 207.720947265625], [1593475200000.0, 207.720947265625]], "median_data": [[1564531200000.0, 184.9634246826172], [1567209600000.0, 184.6192626953125], [1569801600000.0, 184.5569610595703], [1572480000000.0, 202.3880615234375], [1575072000000.0, 220.9420623779297], [1577750400000.0, 203.79806518554688], [1580428800000.0, 203.79806518554688], [1582934400000.0, 203.79806518554688], [1585612800000.0, 203.79806518554688], [1588204800000.0, 203.79806518554688], [1590883200000.0, 203.79806518554688], [1593475200000.0, 203.79806518554688]], "mean_data": [[1564531200000.0, 178.6309611002604], [1567209600000.0, 176.86009216308594], [1569801600000.0, 176.4869859483507], [1572480000000.0, 194.54206339518228], [1575072000000.0, 213.2547370062934], [1577750400000.0, 199.8043687608507], [1580428800000.0, 199.8043687608507], [1582934400000.0, 199.8043687608507], [1585612800000.0, 199.8043687608507], [1588204800000.0, 199.8043687608507], [1590883200000.0, 199.8043687608507], [1593475200000.0, 199.8043687608507]]}, "success": "success", "interval": "3m"}