{"time_series": {"min_data": [[1602288000000.0, -0.0024523569736629725], [1603152000000.0, -0.004641475155949593]], "max_data": [[1602288000000.0, 0.12875543534755707], [1603152000000.0, 0.11393862962722778]], "median_data": [[1602288000000.0, -0.001909623562823981], [1603152000000.0, -0.0037577011389657855]], "mean_data": [[1602288000000.0, 0.00455712013063021], [1603152000000.0, 0.002189252432435751]]}, "success": "success", "interval": "dd"}