{"singleline": [[1604188800000, -0.69529346279476, 11, 2020], [1606780800000, -0.6451947702013928, 12, 2020], [1609459200000, -0.5795883432678555, 1, 2021], [1612137600000, -1.1083188218914943, 2, 2021], [1614556800000, -0.7297083741944769, 3, 2021], [1617235200000, -0.5117565821046415, 4, 2021], [1619827200000, 0.36393563295512094, 5, 2021], [1622505600000, 0.10790553923858248, 6, 2021]], "multiline": {"min": [[1604188800000, -1.0846948986468108], [1604188800000, -1.0846948986468108], [1604188800000, -1.0846948986468108], [1604188800000, -1.0846948986468108], [1604188800000, -1.0846948986468108], [1604188800000, -1.0846948986468108], [1604188800000, -1.0846948986468108], [1604188800000, -1.0846948986468108], [1606780800000, -1.7935241020244101], [1606780800000, -1.7935241020244101], [1606780800000, -1.7935241020244101], [1606780800000, -1.7935241020244101], [1606780800000, -1.7935241020244101], [1606780800000, -1.7935241020244101], [1606780800000, -1.7935241020244101], [1606780800000, -1.7935241020244101], [1609459200000, -1.9423457280449246], [1609459200000, -1.9423457280449246], [1609459200000, -1.9423457280449246], [1609459200000, -1.9423457280449246], [1609459200000, -1.9423457280449246], [1609459200000, -1.9423457280449246], [1609459200000, -1.9423457280449246], [1609459200000, -1.9423457280449246], [1612137600000, -2.4516532602517502], [1612137600000, -2.4516532602517502], [1612137600000, -2.4516532602517502], [1612137600000, -2.4516532602517502], [1612137600000, -2.4516532602517502], [1612137600000, -2.4516532602517502], [1612137600000, -2.4516532602517502], [1612137600000, -2.4516532602517502], [1614556800000, -2.729123706402986], [1614556800000, -2.729123706402986], [1614556800000, -2.729123706402986], [1614556800000, -2.729123706402986], [1614556800000, -2.729123706402986], [1614556800000, -2.729123706402986], [1614556800000, -2.729123706402986], [1614556800000, -2.729123706402986], [1617235200000, -2.407261610031128], [1617235200000, -2.407261610031128], [1617235200000, -2.407261610031128], [1617235200000, -2.407261610031128], [1617235200000, -2.407261610031128], [1617235200000, -2.407261610031128], [1617235200000, -2.407261610031128], [1617235200000, -2.407261610031128], [1619827200000, -1.7201470395793086], [1619827200000, -1.7201470395793086], [1619827200000, -1.7201470395793086], [1619827200000, -1.7201470395793086], [1619827200000, -1.7201470395793086], [1619827200000, -1.7201470395793086], [1619827200000, -1.7201470395793086], [1619827200000, -1.7201470395793086], [1622505600000, -1.4122056727824004], [1622505600000, -1.4122056727824004], [1622505600000, -1.4122056727824004], [1622505600000, -1.4122056727824004], [1622505600000, -1.4122056727824004], [1622505600000, -1.4122056727824004], [1622505600000, -1.4122056727824004], [1622505600000, -1.4122056727824004]], "max": [[1604188800000, -0.2521643935014372], [1604188800000, -0.2521643935014372], [1604188800000, -0.2521643935014372], [1604188800000, -0.2521643935014372], [1604188800000, -0.2521643935014372], [1604188800000, -0.2521643935014372], [1604188800000, -0.2521643935014372], [1604188800000, -0.2521643935014372], [1606780800000, 0.9868053679718919], [1606780800000, 0.9868053679718919], [1606780800000, 0.9868053679718919], [1606780800000, 0.9868053679718919], [1606780800000, 0.9868053679718919], [1606780800000, 0.9868053679718919], [1606780800000, 0.9868053679718919], [1606780800000, 0.9868053679718919], [1609459200000, 0.46321653380342154], [1609459200000, 0.46321653380342154], [1609459200000, 0.46321653380342154], [1609459200000, 0.46321653380342154], [1609459200000, 0.46321653380342154], [1609459200000, 0.46321653380342154], [1609459200000, 0.46321653380342154], [1609459200000, 0.46321653380342154], [1612137600000, 0.1513163206450965], [1612137600000, 0.1513163206450965], [1612137600000, 0.1513163206450965], [1612137600000, 0.1513163206450965], [1612137600000, 0.1513163206450965], [1612137600000, 0.1513163206450965], [1612137600000, 0.1513163206450965], [1612137600000, 0.1513163206450965], [1614556800000, 1.2816887186921162], [1614556800000, 1.2816887186921162], [1614556800000, 1.2816887186921162], [1614556800000, 1.2816887186921162], [1614556800000, 1.2816887186921162], [1614556800000, 1.2816887186921162], [1614556800000, 1.2816887186921162], [1614556800000, 1.2816887186921162], [1617235200000, 1.3610033120798029], [1617235200000, 1.3610033120798029], [1617235200000, 1.3610033120798029], [1617235200000, 1.3610033120798029], [1617235200000, 1.3610033120798029], [1617235200000, 1.3610033120798029], [1617235200000, 1.3610033120798029], [1617235200000, 1.3610033120798029], [1619827200000, 2.136344611644745], [1619827200000, 2.136344611644745], [1619827200000, 2.136344611644745], [1619827200000, 2.136344611644745], [1619827200000, 2.136344611644745], [1619827200000, 2.136344611644745], [1619827200000, 2.136344611644745], [1619827200000, 2.136344611644745], [1622505600000, 1.362915263875671], [1622505600000, 1.362915263875671], [1622505600000, 1.362915263875671], [1622505600000, 1.362915263875671], [1622505600000, 1.362915263875671], [1622505600000, 1.362915263875671], [1622505600000, 1.362915263875671], [1622505600000, 1.362915263875671]], "mean": [[1604188800000, -0.6952934636197902], [1604188800000, -0.6952934636197902], [1604188800000, -0.6952934636197902], [1604188800000, -0.6952934636197902], [1604188800000, -0.6952934636197902], [1604188800000, -0.6952934636197902], [1604188800000, -0.6952934636197902], [1604188800000, -0.6952934636197902], [1606780800000, -0.6451947728435145], [1606780800000, -0.6451947728435145], [1606780800000, -0.6451947728435145], [1606780800000, -0.6451947728435145], [1606780800000, -0.6451947728435145], [1606780800000, -0.6451947728435145], [1606780800000, -0.6451947728435145], [1606780800000, -0.6451947728435145], [1609459200000, -0.5795883445408316], [1609459200000, -0.5795883445408316], [1609459200000, -0.5795883445408316], [1609459200000, -0.5795883445408316], [1609459200000, -0.5795883445408316], [1609459200000, -0.5795883445408316], [1609459200000, -0.5795883445408316], [1609459200000, -0.5795883445408316], [1612137600000, -1.1083188276667066], [1612137600000, -1.1083188276667066], [1612137600000, -1.1083188276667066], [1612137600000, -1.1083188276667066], [1612137600000, -1.1083188276667066], [1612137600000, -1.1083188276667066], [1612137600000, -1.1083188276667066], [1612137600000, -1.1083188276667066], [1614556800000, -0.7297083764690836], [1614556800000, -0.7297083764690836], [1614556800000, -0.7297083764690836], [1614556800000, -0.7297083764690836], [1614556800000, -0.7297083764690836], [1614556800000, -0.7297083764690836], [1614556800000, -0.7297083764690836], [1614556800000, -0.7297083764690836], [1617235200000, -0.5117565843722093], [1617235200000, -0.5117565843722093], [1617235200000, -0.5117565843722093], [1617235200000, -0.5117565843722093], [1617235200000, -0.5117565843722093], [1617235200000, -0.5117565843722093], [1617235200000, -0.5117565843722093], [1617235200000, -0.5117565843722093], [1619827200000, 0.36393563372953597], [1619827200000, 0.36393563372953597], [1619827200000, 0.36393563372953597], [1619827200000, 0.36393563372953597], [1619827200000, 0.36393563372953597], [1619827200000, 0.36393563372953597], [1619827200000, 0.36393563372953597], [1619827200000, 0.36393563372953597], [1622505600000, 0.10790554000287432], [1622505600000, 0.10790554000287432], [1622505600000, 0.10790554000287432], [1622505600000, 0.10790554000287432], [1622505600000, 0.10790554000287432], [1622505600000, 0.10790554000287432], [1622505600000, 0.10790554000287432], [1622505600000, 0.10790554000287432]]},