{"time_series": {"min_data": [[1585612800000.0, 1.0959488153457642], [1588204800000.0, 0.7370808124542236], [1590883200000.0, 0.2286330759525299], [1593475200000.0, 0.01890011690557003]], "max_data": [[1585612800000.0, 1.1226975917816162], [1588204800000.0, 0.8902056813240051], [1590883200000.0, 0.3542061150074005], [1593475200000.0, 0.03587597608566284]], "median_data": [[1585612800000.0, 1.1034599542617798], [1588204800000.0, 0.7897575497627258], [1590883200000.0, 0.2896622121334076], [1593475200000.0, 0.030686240643262863]], "mean_data": [[1585612800000.0, 1.10736878712972], [1588204800000.0, 0.8056813478469849], [1590883200000.0, 0.29083380103111267], [1593475200000.0, 0.028487444544831913]]}, "success": "success", "interval": "mm"}