{"time_series": {"min_data": [[1585612800000.0, 1.075709342956543], [1588204800000.0, 1.3611541986465454], [1590883200000.0, 0.7744736671447754], [1593475200000.0, 0.16154050827026367]], "max_data": [[1585612800000.0, 1.4316802024841309], [1588204800000.0, 1.6400604248046875], [1590883200000.0, 1.225203037261963], [1593475200000.0, 0.6261566281318665]], "median_data": [[1585612800000.0, 1.3843703269958496], [1588204800000.0, 1.4882326126098633], [1590883200000.0, 0.9375646710395813], [1593475200000.0, 0.18809646368026733]], "mean_data": [[1585612800000.0, 1.2963451941808064], [1588204800000.0, 1.4884027507570055], [1590883200000.0, 0.9746430516242981], [1593475200000.0, 0.3217946340640386]]}, "success": "success", "interval": "mm"}