{"time_series": {"min_data": [[1585612800000.0, 0.2909186780452728], [1588204800000.0, 0.7535755038261414], [1590883200000.0, 0.07194717228412628], [1593475200000.0, 0.02260150946676731]], "max_data": [[1585612800000.0, 0.5564746856689453], [1588204800000.0, 0.8638851046562195], [1590883200000.0, 0.2853899598121643], [1593475200000.0, 0.06398981809616089]], "median_data": [[1585612800000.0, 0.3138919174671173], [1588204800000.0, 0.8300192952156067], [1590883200000.0, 0.07708046585321426], [1593475200000.0, 0.026044771075248718]], "mean_data": [[1585612800000.0, 0.3870950937271118], [1588204800000.0, 0.8158266345659891], [1590883200000.0, 0.14480586598316827], [1593475200000.0, 0.03754536621272564]]}, "success": "success", "interval": "mm"}