{"time_series": {"min_data": [[1585612800000.0, 290.4085388183594], [1588204800000.0, 296.68023681640625], [1590883200000.0, 304.7347412109375], [1593475200000.0, 310.775390625]], "max_data": [[1585612800000.0, 291.9723815917969], [1588204800000.0, 298.8750915527344], [1590883200000.0, 306.5685729980469], [1593475200000.0, 313.6354064941406]], "median_data": [[1585612800000.0, 291.888671875], [1588204800000.0, 297.0073547363281], [1590883200000.0, 305.28558349609375], [1593475200000.0, 311.926025390625]], "mean_data": [[1585612800000.0, 291.42319742838544], [1588204800000.0, 297.52089436848956], [1590883200000.0, 305.5296325683594], [1593475200000.0, 312.1122741699219]]}, "success": "success", "interval": "mm"}