{"time_series": {"min_data": [[1617148800000.0, 160.86160278320312]], "max_data": [[1617148800000.0, 184.9713592529297]], "median_data": [[1617148800000.0, 184.48275756835938]], "mean_data": [[1617148800000.0, 176.9309539794922]]}, "success": "success", "interval": "mm"}