{"time_series": {"min_data": [[1617148800000.0, 1.075709342956543], [1619740800000.0, 1.3611541986465454], [1622419200000.0, 0.7744736671447754], [1625011200000.0, 0.16154050827026367], [1627689600000.0, 0.012090560980141163], [1630368000000.0, 0.011487734504044056], [1632960000000.0, 0.0022896016016602516], [1635638400000.0, 0.008904187008738518], [1638230400000.0, 0.028722034767270088], [1640908800000.0, 0.12378562241792679]], "max_data": [[1617148800000.0, 1.4316802024841309], [1619740800000.0, 1.6400604248046875], [1622419200000.0, 1.225203037261963], [1625011200000.0, 0.6261566281318665], [1627689600000.0, 0.33064424991607666], [1630368000000.0, 0.27163198590278625], [1632960000000.0, 0.22832302749156952], [1635638400000.0, 0.12017852067947388], [1638230400000.0, 0.1368342638015747], [1640908800000.0, 0.29703158140182495]], "median_data": [[1617148800000.0, 1.3843703269958496], [1619740800000.0, 1.4882326126098633], [1622419200000.0, 0.9375646710395813], [1625011200000.0, 0.18809646368026733], [1627689600000.0, 0.0584433451294899], [1630368000000.0, 0.050016406923532486], [1632960000000.0, 0.005500156432390213], [1635638400000.0, 0.01273589301854372], [1638230400000.0, 0.062129825353622437], [1640908800000.0, 0.22433893382549286]], "mean_data": [[1617148800000.0, 1.2963451941808064], [1619740800000.0, 1.4884027507570055], [1622419200000.0, 0.9746430516242981], [1625011200000.0, 0.3217946340640386], [1627689600000.0, 0.134749675480028], [1630368000000.0, 0.11157641828887993], [1632960000000.0, 0.07643371031412648], [1635638400000.0, 0.04700310373057922], [1638230400000.0, 0.07664765189919207], [1640908800000.0, 0.21274852835469776]]}, "success": "success", "interval": "mm"}