{"singleline": [[1604188800000, 0.8066622239092122, 11, 2020], [1606780800000, -0.40302574569764343, 12, 2020], [1609459200000, -0.6248361725036217, 1, 2021], [1612137600000, -1.2014227587243784, 2, 2021], [1614556800000, -0.9326120407684989, 3, 2021], [1617235200000, -0.6239499864370927, 4, 2021], [1619827200000, -0.39019085881615034, 5, 2021], [1622505600000, -0.6624170936968016, 6, 2021]], "multiline": {"min": [[1604188800000, 0.4151151350132473], [1604188800000, 0.4151151350132473], [1604188800000, 0.4151151350132473], [1604188800000, 0.4151151350132473], [1604188800000, 0.4151151350132473], [1604188800000, 0.4151151350132473], [1604188800000, 0.4151151350132473], [1604188800000, 0.4151151350132473], [1606780800000, -0.9787023640845133], [1606780800000, -0.9787023640845133], [1606780800000, -0.9787023640845133], [1606780800000, -0.9787023640845133], [1606780800000, -0.9787023640845133], [1606780800000, -0.9787023640845133], [1606780800000, -0.9787023640845133], [1606780800000, -0.9787023640845133], [1609459200000, -1.1339008607294248], [1609459200000, -1.1339008607294248], [1609459200000, -1.1339008607294248], [1609459200000, -1.1339008607294248], [1609459200000, -1.1339008607294248], [1609459200000, -1.1339008607294248], [1609459200000, -1.1339008607294248], [1609459200000, -1.1339008607294248], [1612137600000, -1.7194630374079165], [1612137600000, -1.7194630374079165], [1612137600000, -1.7194630374079165], [1612137600000, -1.7194630374079165], [1612137600000, -1.7194630374079165], [1612137600000, -1.7194630374079165], [1612137600000, -1.7194630374079165], [1612137600000, -1.7194630374079165], [1614556800000, -2.073515106802401], [1614556800000, -2.073515106802401], [1614556800000, -2.073515106802401], [1614556800000, -2.073515106802401], [1614556800000, -2.073515106802401], [1614556800000, -2.073515106802401], [1614556800000, -2.073515106802401], [1614556800000, -2.073515106802401], [1617235200000, -2.2746694062067117], [1617235200000, -2.2746694062067117], [1617235200000, -2.2746694062067117], [1617235200000, -2.2746694062067117], [1617235200000, -2.2746694062067117], [1617235200000, -2.2746694062067117], [1617235200000, -2.2746694062067117], [1617235200000, -2.2746694062067117], [1619827200000, -2.2512240487596262], [1619827200000, -2.2512240487596262], [1619827200000, -2.2512240487596262], [1619827200000, -2.2512240487596262], [1619827200000, -2.2512240487596262], [1619827200000, -2.2512240487596262], [1619827200000, -2.2512240487596262], [1619827200000, -2.2512240487596262], [1622505600000, -2.050096545530402], [1622505600000, -2.050096545530402], [1622505600000, -2.050096545530402], [1622505600000, -2.050096545530402], [1622505600000, -2.050096545530402], [1622505600000, -2.050096545530402], [1622505600000, -2.050096545530402], [1622505600000, -2.050096545530402]], "max": [[1604188800000, 1.1881514722886293], [1604188800000, 1.1881514722886293], [1604188800000, 1.1881514722886293], [1604188800000, 1.1881514722886293], [1604188800000, 1.1881514722886293], [1604188800000, 1.1881514722886293], [1604188800000, 1.1881514722886293], [1604188800000, 1.1881514722886293], [1606780800000, 0.1698015484675441], [1606780800000, 0.1698015484675441], [1606780800000, 0.1698015484675441], [1606780800000, 0.1698015484675441], [1606780800000, 0.1698015484675441], [1606780800000, 0.1698015484675441], [1606780800000, 0.1698015484675441], [1606780800000, 0.1698015484675441], [1609459200000, 0.28967218580858217], [1609459200000, 0.28967218580858217], [1609459200000, 0.28967218580858217], [1609459200000, 0.28967218580858217], [1609459200000, 0.28967218580858217], [1609459200000, 0.28967218580858217], [1609459200000, 0.28967218580858217], [1609459200000, 0.28967218580858217], [1612137600000, -0.3516793122272129], [1612137600000, -0.3516793122272129], [1612137600000, -0.3516793122272129], [1612137600000, -0.3516793122272129], [1612137600000, -0.3516793122272129], [1612137600000, -0.3516793122272129], [1612137600000, -0.3516793122272129], [1612137600000, -0.3516793122272129], [1614556800000, 0.7013296144812003], [1614556800000, 0.7013296144812003], [1614556800000, 0.7013296144812003], [1614556800000, 0.7013296144812003], [1614556800000, 0.7013296144812003], [1614556800000, 0.7013296144812003], [1614556800000, 0.7013296144812003], [1614556800000, 0.7013296144812003], [1617235200000, 0.9023515685744907], [1617235200000, 0.9023515685744907], [1617235200000, 0.9023515685744907], [1617235200000, 0.9023515685744907], [1617235200000, 0.9023515685744907], [1617235200000, 0.9023515685744907], [1617235200000, 0.9023515685744907], [1617235200000, 0.9023515685744907], [1619827200000, 1.3030787175116332], [1619827200000, 1.3030787175116332], [1619827200000, 1.3030787175116332], [1619827200000, 1.3030787175116332], [1619827200000, 1.3030787175116332], [1619827200000, 1.3030787175116332], [1619827200000, 1.3030787175116332], [1619827200000, 1.3030787175116332], [1622505600000, 0.6168274376541376], [1622505600000, 0.6168274376541376], [1622505600000, 0.6168274376541376], [1622505600000, 0.6168274376541376], [1622505600000, 0.6168274376541376], [1622505600000, 0.6168274376541376], [1622505600000, 0.6168274376541376], [1622505600000, 0.6168274376541376]], "mean": [[1604188800000, 0.806662221752998], [1604188800000, 0.806662221752998], [1604188800000, 0.806662221752998], [1604188800000, 0.806662221752998], [1604188800000, 0.806662221752998], [1604188800000, 0.806662221752998], [1604188800000, 0.806662221752998], [1604188800000, 0.806662221752998], [1606780800000, -0.403025747502081], [1606780800000, -0.403025747502081], [1606780800000, -0.403025747502081], [1606780800000, -0.403025747502081], [1606780800000, -0.403025747502081], [1606780800000, -0.403025747502081], [1606780800000, -0.403025747502081], [1606780800000, -0.403025747502081], [1609459200000, -0.6248361744750898], [1609459200000, -0.6248361744750898], [1609459200000, -0.6248361744750898], [1609459200000, -0.6248361744750898], [1609459200000, -0.6248361744750898], [1609459200000, -0.6248361744750898], [1609459200000, -0.6248361744750898], [1609459200000, -0.6248361744750898], [1612137600000, -1.2014227573375178], [1612137600000, -1.2014227573375178], [1612137600000, -1.2014227573375178], [1612137600000, -1.2014227573375178], [1612137600000, -1.2014227573375178], [1612137600000, -1.2014227573375178], [1612137600000, -1.2014227573375178], [1612137600000, -1.2014227573375178], [1614556800000, -0.932612039634715], [1614556800000, -0.932612039634715], [1614556800000, -0.932612039634715], [1614556800000, -0.932612039634715], [1614556800000, -0.932612039634715], [1614556800000, -0.932612039634715], [1614556800000, -0.932612039634715], [1614556800000, -0.932612039634715], [1617235200000, -0.6239499859714314], [1617235200000, -0.6239499859714314], [1617235200000, -0.6239499859714314], [1617235200000, -0.6239499859714314], [1617235200000, -0.6239499859714314], [1617235200000, -0.6239499859714314], [1617235200000, -0.6239499859714314], [1617235200000, -0.6239499859714314], [1619827200000, -0.39019085783930374], [1619827200000, -0.39019085783930374], [1619827200000, -0.39019085783930374], [1619827200000, -0.39019085783930374], [1619827200000, -0.39019085783930374], [1619827200000, -0.39019085783930374], [1619827200000, -0.39019085783930374], [1619827200000, -0.39019085783930374], [1622505600000, -0.6624170923959869], [1622505600000, -0.6624170923959869], [1622505600000, -0.6624170923959869], [1622505600000, -0.6624170923959869], [1622505600000, -0.6624170923959869], [1622505600000, -0.6624170923959869], [1622505600000, -0.6624170923959869], [1622505600000, -0.6624170923959869]]},