{"time_series": {"min_data": [[1585612800000.0, 271.6919250488281], [1588204800000.0, 281.2584228515625], [1590883200000.0, 286.0403137207031], [1593475200000.0, 290.0564270019531]], "max_data": [[1585612800000.0, 273.4030456542969], [1588204800000.0, 282.1458740234375], [1590883200000.0, 286.95758056640625], [1593475200000.0, 290.9125671386719]], "median_data": [[1585612800000.0, 272.669677734375], [1588204800000.0, 281.87701416015625], [1590883200000.0, 286.7581481933594], [1593475200000.0, 290.7080078125]], "mean_data": [[1585612800000.0, 272.6063944498698], [1588204800000.0, 281.80093722873266], [1590883200000.0, 286.6606275770399], [1593475200000.0, 290.6245591905382]]}, "success": "success", "interval": "mm"}