{"time_series": {"min_data": [[1585612800000.0, 1.0300530195236206], [1588204800000.0, 0.7482590675354004], [1590883200000.0, 0.36556705832481384], [1593475200000.0, 0.006335498299449682]], "max_data": [[1585612800000.0, 1.3284366130828857], [1588204800000.0, 1.0353178977966309], [1590883200000.0, 0.4483175277709961], [1593475200000.0, 0.01665826141834259]], "median_data": [[1585612800000.0, 1.145837664604187], [1588204800000.0, 0.8518226742744446], [1590883200000.0, 0.4239538013935089], [1593475200000.0, 0.008929338306188583]], "mean_data": [[1585612800000.0, 1.1672681172688801], [1588204800000.0, 0.882422513431973], [1590883200000.0, 0.41153401136398315], [1593475200000.0, 0.010375301250153117]]}, "success": "success", "interval": "mm"}