{"time_series": {"min_data": [[1604102400000.0, 291.94757080078125]], "max_data": [[1604102400000.0, 292.89276123046875]], "median_data": [[1604102400000.0, 292.6530456542969]], "mean_data": [[1604102400000.0, 292.5888095431858]]}, "success": "success", "interval": "mm"}