{"time_series": {"min_data": [[1564531200000.0, 310.6393737792969], [1567209600000.0, 308.54193115234375], [1569801600000.0, 307.2186584472656], [1572480000000.0, 298.30084228515625], [1575072000000.0, 291.013427734375], [1577750400000.0, 306.1312561035156], [1580428800000.0, 306.1312561035156], [1582934400000.0, 306.1312561035156], [1585612800000.0, 306.1312561035156], [1588204800000.0, 306.1312561035156], [1590883200000.0, 306.1312561035156], [1593475200000.0, 306.1312561035156]], "max_data": [[1564531200000.0, 314.01885986328125], [1567209600000.0, 311.73931884765625], [1569801600000.0, 309.06640625], [1572480000000.0, 301.5860595703125], [1575072000000.0, 293.9928283691406], [1577750400000.0, 309.75823974609375], [1580428800000.0, 309.75823974609375], [1582934400000.0, 309.75823974609375], [1585612800000.0, 309.75823974609375], [1588204800000.0, 309.75823974609375], [1590883200000.0, 309.75823974609375], [1593475200000.0, 309.75823974609375]], "median_data": [[1564531200000.0, 311.99058532714844], [1567209600000.0, 309.9197998046875], [1569801600000.0, 307.7782287597656], [1572480000000.0, 299.7192077636719], [1575072000000.0, 292.3433837890625], [1577750400000.0, 307.5490264892578], [1580428800000.0, 307.5490264892578], [1582934400000.0, 307.5490264892578], [1585612800000.0, 307.5490264892578], [1588204800000.0, 307.5490264892578], [1590883200000.0, 307.5490264892578], [1593475200000.0, 307.5490264892578]], "mean_data": [[1564531200000.0, 312.08678436279297], [1567209600000.0, 309.9143814086914], [1569801600000.0, 307.91297912597656], [1572480000000.0, 299.83129119873047], [1575072000000.0, 292.4275955200195], [1577750400000.0, 307.64081115722655], [1580428800000.0, 307.64081115722655], [1582934400000.0, 307.64081115722655], [1585612800000.0, 307.64081115722655], [1588204800000.0, 307.64081115722655], [1590883200000.0, 307.64081115722655], [1593475200000.0, 307.64081115722655]]}, "success": "success", "interval": "3m"}