{"time_series": {"min_data": [[1617148800000.0, 0.00285341520793736]], "max_data": [[1617148800000.0, 0.06823655962944031]], "median_data": [[1617148800000.0, 0.0038802085909992456]], "mean_data": [[1617148800000.0, 0.025059491732261248]]}, "success": "success", "interval": "mm"}