{"time_series": {"min_data": [[1604102400000.0, -0.0008771453285589814], [1606694400000.0, -0.010082554072141647], [1609372800000.0, -0.009493392892181873], [1612051200000.0, -0.0011968055041506886], [1614470400000.0, -0.0008030803292058408], [1617148800000.0, 0.00285341520793736]], "max_data": [[1604102400000.0, 0.13638900220394135], [1606694400000.0, 0.005187440197914839], [1609372800000.0, -0.008686291985213757], [1612051200000.0, -0.0007098695496097207], [1614470400000.0, 0.004448817577213049], [1617148800000.0, 0.06823655962944031]], "median_data": [[1604102400000.0, -0.0002550297067500651], [1606694400000.0, -0.009371466003358364], [1609372800000.0, -0.009114706888794899], [1612051200000.0, -0.0008177560521289706], [1614470400000.0, -0.0005278290482237935], [1617148800000.0, 0.0038802085909992456]], "mean_data": [[1604102400000.0, 0.045071301364158795], [1606694400000.0, -0.004885559332453542], [1609372800000.0, -0.009101749087373415], [1612051200000.0, -0.000875495070229388], [1614470400000.0, 0.0010648057019958894], [1617148800000.0, 0.025059491732261248]]}, "success": "success", "interval": "mm"}