{"time_series": {"min_data": [[1585612800000.0, 233.42311096191406], [1588204800000.0, 232.2731475830078], [1590883200000.0, 197.87939453125], [1593475200000.0, 174.32180786132812]], "max_data": [[1585612800000.0, 255.87632751464844], [1588204800000.0, 246.59927368164062], [1590883200000.0, 212.62611389160156], [1593475200000.0, 193.83470153808594]], "median_data": [[1585612800000.0, 252.9249725341797], [1588204800000.0, 243.24008178710938], [1590883200000.0, 210.71636962890625], [1593475200000.0, 191.9051055908203]], "mean_data": [[1585612800000.0, 247.28731791178384], [1588204800000.0, 240.39657592773438], [1590883200000.0, 206.9288296169705], [1593475200000.0, 186.7105678982205]]}, "success": "success", "interval": "mm"}