{"time_series": {"min_data": [[1604102400000.0, 296.0177001953125]], "max_data": [[1604102400000.0, 298.3171081542969]], "median_data": [[1604102400000.0, 297.16650390625]], "mean_data": [[1604102400000.0, 297.16724090576173]]}, "success": "success", "interval": "mm"}