{"time_series": {"min_data": [[1604102400000.0, 277.7516174316406], [1606694400000.0, 273.8146057128906], [1609372800000.0, 271.60906982421875]], "max_data": [[1604102400000.0, 278.9127197265625], [1606694400000.0, 274.4537658691406], [1609372800000.0, 272.3319091796875]], "median_data": [[1604102400000.0, 278.31671142578125], [1606694400000.0, 274.18634033203125], [1609372800000.0, 272.15826416015625]], "mean_data": [[1604102400000.0, 278.39711507161456], [1606694400000.0, 274.14879014756946], [1609372800000.0, 272.0746019151476]]}, "success": "success", "interval": "mm"}