{"time_series": {"min_data": [[1585612800000.0, 212.77752685546875], [1588204800000.0, 187.03721618652344], [1590883200000.0, 163.1292724609375], [1593475200000.0, 147.0328369140625]], "max_data": [[1585612800000.0, 236.4108428955078], [1588204800000.0, 212.27085876464844], [1590883200000.0, 193.83633422851562], [1593475200000.0, 184.36753845214844]], "median_data": [[1585612800000.0, 232.4569549560547], [1588204800000.0, 208.83270263671875], [1590883200000.0, 191.29957580566406], [1593475200000.0, 182.28065490722656]], "mean_data": [[1585612800000.0, 227.2591264512804], [1588204800000.0, 202.8005862765842], [1590883200000.0, 182.84710693359375], [1593475200000.0, 171.3575676812066]]}, "success": "success", "interval": "3m"}