{"time_series": {"min_data": [[1604102400000.0, 280.01983642578125]], "max_data": [[1604102400000.0, 281.580810546875]], "median_data": [[1604102400000.0, 280.79942321777344]], "mean_data": [[1604102400000.0, 280.70753021240233]]}, "success": "success", "interval": "mm"}