{"time_series": {"min_data": [[1585612800000.0, 1.186698079109192], [1588204800000.0, 0.7873404622077942], [1590883200000.0, 0.31771424412727356], [1593475200000.0, 0.06062111258506775]], "max_data": [[1585612800000.0, 1.3364903926849365], [1588204800000.0, 1.0845340490341187], [1590883200000.0, 0.7284343838691711], [1593475200000.0, 0.40601128339767456]], "median_data": [[1585612800000.0, 1.2310314178466797], [1588204800000.0, 0.9137879610061646], [1590883200000.0, 0.3968997001647949], [1593475200000.0, 0.0978344976902008]], "mean_data": [[1585612800000.0, 1.250573025809394], [1588204800000.0, 0.9287896354993185], [1590883200000.0, 0.47875015603171456], [1593475200000.0, 0.18793421073092353]]}, "success": "success", "interval": "3m"}