{"time_series": {"min_data": [[1564531200000.0, 0.002089087152853608], [1567209600000.0, 7.811918476363644e-05], [1569801600000.0, -0.005671817809343338], [1572480000000.0, 0.2762632668018341], [1575072000000.0, 0.367223858833313], [1577750400000.0, 0.19348949193954468], [1580428800000.0, 0.19348949193954468], [1582934400000.0, 0.19348949193954468], [1585612800000.0, 0.19348949193954468], [1588204800000.0, 0.19348949193954468], [1590883200000.0, 0.19348949193954468], [1593475200000.0, 0.19348949193954468]], "max_data": [[1564531200000.0, 0.13283374905586243], [1567209600000.0, 0.10585726052522659], [1569801600000.0, 0.07161734253168106], [1572480000000.0, 0.328103631734848], [1575072000000.0, 0.4961441457271576], [1577750400000.0, 0.5951616168022156], [1580428800000.0, 0.5951616168022156], [1582934400000.0, 0.5951616168022156], [1585612800000.0, 0.5951616168022156], [1588204800000.0, 0.5951616168022156], [1590883200000.0, 0.5951616168022156], [1593475200000.0, 0.5951616168022156]], "median_data": [[1564531200000.0, 0.003960224101319909], [1567209600000.0, 0.000577760161831975], [1569801600000.0, -0.005312308669090271], [1572480000000.0, 0.29860949516296387], [1575072000000.0, 0.4550459384918213], [1577750400000.0, 0.24354977160692215], [1580428800000.0, 0.24354977160692215], [1582934400000.0, 0.24354977160692215], [1585612800000.0, 0.24354977160692215], [1588204800000.0, 0.24354977160692215], [1590883200000.0, 0.24354977160692215], [1593475200000.0, 0.24354977160692215]], "mean_data": [[1564531200000.0, 0.010301410406827926], [1567209600000.0, 0.005862080985025386], [1569801600000.0, -0.0014439289923757314], [1572480000000.0, 0.30220847129821776], [1575072000000.0, 0.45644034445285797], [1577750400000.0, 0.2546666994690895], [1580428800000.0, 0.2546666994690895], [1582934400000.0, 0.2546666994690895], [1585612800000.0, 0.2546666994690895], [1588204800000.0, 0.2546666994690895], [1590883200000.0, 0.2546666994690895], [1593475200000.0, 0.2546666994690895]]}, "success": "success", "interval": "3m"}