{"time_series": {"min_data": [[1107129600000.0, 0.7243332862854004], [1109548800000.0, 1.887368083000183], [1112227200000.0, 1.0300530195236206], [1114819200000.0, 0.7482590675354004], [1117497600000.0, 0.36556705832481384], [1120089600000.0, 0.006335498299449682], [1122768000000.0, 0.007961838506162167], [1125446400000.0, 0.003572306828573346], [1128038400000.0, 4.694567178376019e-05], [1130716800000.0, 0.04016279801726341], [1133308800000.0, 0.11006612330675125], [1135987200000.0, 0.6541652083396912]], "max_data": [[1107129600000.0, 0.8302658200263977], [1109548800000.0, 2.020252227783203], [1112227200000.0, 1.3284366130828857], [1114819200000.0, 1.0353178977966309], [1117497600000.0, 0.4483175277709961], [1120089600000.0, 0.01665826141834259], [1122768000000.0, 0.10708723217248917], [1125446400000.0, 0.010071949101984501], [1128038400000.0, 0.0004331195668783039], [1130716800000.0, 0.057601239532232285], [1133308800000.0, 0.3311749994754791], [1135987200000.0, 0.9470983743667603]], "median_data": [[1107129600000.0, 0.7455868721008301], [1109548800000.0, 1.9476649761199951], [1112227200000.0, 1.145837664604187], [1114819200000.0, 0.8518226742744446], [1117497600000.0, 0.4239538013935089], [1120089600000.0, 0.008929338306188583], [1122768000000.0, 0.023865962401032448], [1125446400000.0, 0.005028273910284042], [1128038400000.0, 0.0001268524647457525], [1130716800000.0, 0.042788390070199966], [1133308800000.0, 0.19393867254257202], [1135987200000.0, 0.7482870817184448]], "mean_data": [[1107129600000.0, 0.7661473684840732], [1109548800000.0, 1.944934646288554], [1112227200000.0, 1.1672681172688801], [1114819200000.0, 0.882422513431973], [1117497600000.0, 0.41153401136398315], [1120089600000.0, 0.010375301250153117], [1122768000000.0, 0.04273303163548311], [1125446400000.0, 0.006565423889292611], [1128038400000.0, 0.00016192499768092402], [1130716800000.0, 0.045676202409797244], [1133308800000.0, 0.21138547278112835], [1135987200000.0, 0.7614638805389404]]}, "success": "success", "interval": "mm"}