{"time_series": {"min_data": [[1585612800000.0, 211.8695068359375], [1588204800000.0, 209.1298370361328], [1590883200000.0, 181.6688995361328], [1593475200000.0, 173.2888946533203]], "max_data": [[1585612800000.0, 254.8843994140625], [1588204800000.0, 260.8531188964844], [1590883200000.0, 239.94635009765625], [1593475200000.0, 237.824951171875]], "median_data": [[1585612800000.0, 251.88052368164062], [1588204800000.0, 258.2839050292969], [1590883200000.0, 239.56167602539062], [1593475200000.0, 236.5545654296875]], "mean_data": [[1585612800000.0, 239.54480997721353], [1588204800000.0, 242.75562032063803], [1590883200000.0, 220.3923085530599], [1593475200000.0, 215.88947041829428]]}, "success": "success", "interval": "mm"}