{"time_series": {"min_data": [[1107129600000.0, 264.35357666015625], [1109548800000.0, 265.68035888671875], [1112227200000.0, 273.1561584472656], [1114819200000.0, 276.50592041015625], [1117497600000.0, 280.41241455078125], [1120089600000.0, 288.20941162109375], [1122768000000.0, 290.01953125], [1125446400000.0, 287.1634826660156], [1128038400000.0, 284.5299377441406], [1130716800000.0, 278.3603820800781], [1133308800000.0, 273.2096862792969], [1135987200000.0, 272.3547058105469]], "max_data": [[1107129600000.0, 264.7464599609375], [1109548800000.0, 266.2290344238281], [1112227200000.0, 273.82391357421875], [1114819200000.0, 277.1393127441406], [1117497600000.0, 281.0450134277344], [1120089600000.0, 288.65460205078125], [1122768000000.0, 290.3779296875], [1125446400000.0, 287.661865234375], [1128038400000.0, 285.00079345703125], [1130716800000.0, 278.93597412109375], [1133308800000.0, 273.9950256347656], [1135987200000.0, 273.00152587890625]], "median_data": [[1107129600000.0, 264.58660888671875], [1109548800000.0, 265.9437561035156], [1112227200000.0, 273.5197448730469], [1114819200000.0, 276.9073486328125], [1117497600000.0, 280.8426513671875], [1120089600000.0, 288.37451171875], [1122768000000.0, 290.1855163574219], [1125446400000.0, 287.4709167480469], [1128038400000.0, 284.80657958984375], [1130716800000.0, 278.79522705078125], [1133308800000.0, 273.78668212890625], [1135987200000.0, 272.5379333496094]], "mean_data": [[1107129600000.0, 264.5808580186632], [1109548800000.0, 265.9037509494358], [1112227200000.0, 273.4622090657552], [1114819200000.0, 276.8538886176215], [1117497600000.0, 280.76999918619794], [1120089600000.0, 288.37786865234375], [1122768000000.0, 290.1736755371094], [1125446400000.0, 287.48048231336804], [1128038400000.0, 284.81545003255206], [1130716800000.0, 278.7614034016927], [1133308800000.0, 273.7440694173177], [1135987200000.0, 272.64750501844617]]}, "success": "success", "interval": "mm"}