{"time_series": {"min_data": [[1604102400000.0, 168.12557983398438]], "max_data": [[1604102400000.0, 183.0167236328125]], "median_data": [[1604102400000.0, 179.45032501220703]], "mean_data": [[1604102400000.0, 179.0538803100586]]}, "success": "success", "interval": "mm"}