{"time_series": {"min_data": [[1604102400000.0, 134.96942138671875], [1606694400000.0, 144.34925842285156], [1609372800000.0, 174.33714294433594]], "max_data": [[1604102400000.0, 182.25466918945312], [1606694400000.0, 198.56504821777344], [1609372800000.0, 228.32647705078125]], "median_data": [[1604102400000.0, 181.1719207763672], [1606694400000.0, 189.85525512695312], [1609372800000.0, 221.82940673828125]], "mean_data": [[1604102400000.0, 166.3804473876953], [1606694400000.0, 177.1997324625651], [1609372800000.0, 208.23636372884116]]}, "success": "success", "interval": "mm"}