{"time_series": {"min_data": [[1564531200000.0, 140.0538330078125], [1567209600000.0, 136.92929077148438], [1569801600000.0, 138.50723266601562], [1572480000000.0, 151.4809112548828], [1575072000000.0, 174.04925537109375], [1577750400000.0, 202.35023498535156], [1580428800000.0, 222.21946716308594], [1582934400000.0, 227.6577606201172], [1585612800000.0, 212.77752685546875], [1588204800000.0, 187.03721618652344], [1590883200000.0, 163.1292724609375], [1593475200000.0, 147.0328369140625]], "max_data": [[1564531200000.0, 182.4255828857422], [1567209600000.0, 182.0165557861328], [1569801600000.0, 187.14056396484375], [1572480000000.0, 203.0974884033203], [1575072000000.0, 225.17811584472656], [1577750400000.0, 247.2948760986328], [1580428800000.0, 257.3040771484375], [1582934400000.0, 254.50218200683594], [1585612800000.0, 236.4108428955078], [1588204800000.0, 212.27085876464844], [1590883200000.0, 193.83633422851562], [1593475200000.0, 184.36753845214844]], "median_data": [[1564531200000.0, 180.43174743652344], [1567209600000.0, 180.61553955078125], [1569801600000.0, 183.58538818359375], [1572480000000.0, 197.68333435058594], [1575072000000.0, 219.89144897460938], [1577750400000.0, 245.1317901611328], [1580428800000.0, 256.0464172363281], [1582934400000.0, 251.75424194335938], [1585612800000.0, 232.4569549560547], [1588204800000.0, 208.83270263671875], [1590883200000.0, 191.29957580566406], [1593475200000.0, 182.28065490722656]], "mean_data": [[1564531200000.0, 167.84216817220053], [1567209600000.0, 166.76143391927084], [1569801600000.0, 169.74823676215277], [1572480000000.0, 184.01210700141058], [1575072000000.0, 206.46659681532117], [1577750400000.0, 231.77074008517795], [1580428800000.0, 245.5388946533203], [1582934400000.0, 244.59690178765192], [1585612800000.0, 227.2591264512804], [1588204800000.0, 202.8005862765842], [1590883200000.0, 182.84710693359375], [1593475200000.0, 171.3575676812066]]}, "success": "success", "interval": "3m"}