{"time_series": {"min_data": [[1604102400000.0, 277.7516174316406]], "max_data": [[1604102400000.0, 278.9127197265625]], "median_data": [[1604102400000.0, 278.31671142578125]], "mean_data": [[1604102400000.0, 278.39711507161456]]}, "success": "success", "interval": "mm"}