{"time_series": {"min_data": [[1604102400000.0, -0.0008771453285589814]], "max_data": [[1604102400000.0, 0.13638900220394135]], "median_data": [[1604102400000.0, -0.0002550297067500651]], "mean_data": [[1604102400000.0, 0.045071301364158795]]}, "success": "success", "interval": "mm"}