{"time_series": {"min_data": [[1585612800000.0, 0.20057113468647003], [1588204800000.0, 0.20057113468647003], [1590883200000.0, 0.20057113468647003], [1593475200000.0, 0.20057113468647003]], "max_data": [[1585612800000.0, 0.309831827878952], [1588204800000.0, 0.309831827878952], [1590883200000.0, 0.309831827878952], [1593475200000.0, 0.309831827878952]], "median_data": [[1585612800000.0, 0.22933486104011536], [1588204800000.0, 0.22933486104011536], [1590883200000.0, 0.22933486104011536], [1593475200000.0, 0.22933486104011536]], "mean_data": [[1585612800000.0, 0.24507317940394083], [1588204800000.0, 0.24507317940394083], [1590883200000.0, 0.24507317940394083], [1593475200000.0, 0.24507317940394083]]}, "success": "success", "interval": "3m"}