{"time_series": {"min_data": [[1585612800000.0, 276.6788330078125], [1588204800000.0, 290.34979248046875], [1590883200000.0, 296.28961181640625], [1593475200000.0, 302.7410583496094]], "max_data": [[1585612800000.0, 279.8697814941406], [1588204800000.0, 291.456787109375], [1590883200000.0, 297.5379638671875], [1593475200000.0, 303.7051696777344]], "median_data": [[1585612800000.0, 278.1817321777344], [1588204800000.0, 291.1492919921875], [1590883200000.0, 297.1684875488281], [1593475200000.0, 303.477294921875]], "mean_data": [[1585612800000.0, 278.30164930555554], [1588204800000.0, 291.04748196072046], [1590883200000.0, 297.08464898003473], [1593475200000.0, 303.40599229600696]]}, "success": "success", "interval": "mm"}