{"time_series": {"min_data": [[1564531200000.0, 0.00869146827608347], [1567209600000.0, 0.00761779909953475], [1569801600000.0, 0.013256910257041454], [1572480000000.0, 0.08795866370201111], [1575072000000.0, 0.11143963038921356], [1577750400000.0, 0.21780990064144135], [1580428800000.0, 0.5469251871109009], [1582934400000.0, 0.9722357392311096], [1585612800000.0, 1.186698079109192], [1588204800000.0, 0.7873404622077942], [1590883200000.0, 0.31771424412727356], [1593475200000.0, 0.06062111258506775]], "max_data": [[1564531200000.0, 0.2757848799228668], [1567209600000.0, 0.20586591958999634], [1569801600000.0, 0.1348305195569992], [1572480000000.0, 0.14951303601264954], [1575072000000.0, 0.23863646388053894], [1577750400000.0, 0.38790228962898254], [1580428800000.0, 0.7915588021278381], [1582934400000.0, 1.242058515548706], [1585612800000.0, 1.3364903926849365], [1588204800000.0, 1.0845340490341187], [1590883200000.0, 0.7284343838691711], [1593475200000.0, 0.40601128339767456]], "median_data": [[1564531200000.0, 0.03833974897861481], [1567209600000.0, 0.022938326001167297], [1569801600000.0, 0.047873735427856445], [1572480000000.0, 0.10246502608060837], [1575072000000.0, 0.1927136480808258], [1577750400000.0, 0.3703994154930115], [1580428800000.0, 0.7605513334274292], [1582934400000.0, 1.1686804294586182], [1585612800000.0, 1.2310314178466797], [1588204800000.0, 0.9137879610061646], [1590883200000.0, 0.3968997001647949], [1593475200000.0, 0.0978344976902008]], "mean_data": [[1564531200000.0, 0.1079252189439204], [1567209600000.0, 0.07835844143604238], [1569801600000.0, 0.06647843463967244], [1572480000000.0, 0.11251881304714415], [1575072000000.0, 0.1782004808386167], [1577750400000.0, 0.3263498627477222], [1580428800000.0, 0.7017483843697442], [1582934400000.0, 1.1264550884564717], [1585612800000.0, 1.250573025809394], [1588204800000.0, 0.9287896354993185], [1590883200000.0, 0.47875015603171456], [1593475200000.0, 0.18793421073092353]]}, "success": "success", "interval": "3m"}