{"time_series": {"min_data": [[1585612800000.0, 290.0066833496094], [1588204800000.0, 290.0066833496094], [1590883200000.0, 290.0066833496094], [1593475200000.0, 290.0066833496094]], "max_data": [[1585612800000.0, 291.1084289550781], [1588204800000.0, 291.1084289550781], [1590883200000.0, 291.1084289550781], [1593475200000.0, 291.1084289550781]], "median_data": [[1585612800000.0, 290.81951904296875], [1588204800000.0, 290.81951904296875], [1590883200000.0, 290.81951904296875], [1593475200000.0, 290.81951904296875]], "mean_data": [[1585612800000.0, 290.708977593316], [1588204800000.0, 290.708977593316], [1590883200000.0, 290.708977593316], [1593475200000.0, 290.708977593316]]}, "success": "success", "interval": "3m"}