{"time_series": {"min_data": [[1107129600000.0, 0.14565454423427582], [1109548800000.0, 0.40712839365005493], [1112227200000.0, 1.075709342956543], [1114819200000.0, 1.3611541986465454], [1117497600000.0, 0.7744736671447754], [1120089600000.0, 0.16154050827026367], [1122768000000.0, 0.012090560980141163], [1125446400000.0, 0.011487734504044056], [1128038400000.0, 0.0022896016016602516], [1130716800000.0, 0.008904187008738518], [1133308800000.0, 0.028722034767270088], [1135987200000.0, 0.12378562241792679]], "max_data": [[1107129600000.0, 0.31718674302101135], [1109548800000.0, 0.6583280563354492], [1112227200000.0, 1.4316802024841309], [1114819200000.0, 1.6400604248046875], [1117497600000.0, 1.225203037261963], [1120089600000.0, 0.6261566281318665], [1122768000000.0, 0.33064424991607666], [1125446400000.0, 0.27163198590278625], [1128038400000.0, 0.22832302749156952], [1130716800000.0, 0.12017852067947388], [1133308800000.0, 0.1368342638015747], [1135987200000.0, 0.29703158140182495]], "median_data": [[1107129600000.0, 0.2659156620502472], [1109548800000.0, 0.6028771996498108], [1112227200000.0, 1.3843703269958496], [1114819200000.0, 1.4882326126098633], [1117497600000.0, 0.9375646710395813], [1120089600000.0, 0.18809646368026733], [1122768000000.0, 0.0584433451294899], [1125446400000.0, 0.050016406923532486], [1128038400000.0, 0.005500156432390213], [1130716800000.0, 0.01273589301854372], [1133308800000.0, 0.062129825353622437], [1135987200000.0, 0.22433893382549286]], "mean_data": [[1107129600000.0, 0.24043255713250902], [1109548800000.0, 0.5556781027052138], [1112227200000.0, 1.2963451941808064], [1114819200000.0, 1.4884027507570055], [1117497600000.0, 0.9746430516242981], [1120089600000.0, 0.3217946340640386], [1122768000000.0, 0.134749675480028], [1125446400000.0, 0.11157641828887993], [1128038400000.0, 0.07643371031412648], [1130716800000.0, 0.04700310373057922], [1133308800000.0, 0.07664765189919207], [1135987200000.0, 0.21274852835469776]]}, "success": "success", "interval": "mm"}