{"time_series": {"min_data": [[1564531200000.0, 0.004122375510632992], [1567209600000.0, 0.015323136933147907], [1569801600000.0, 0.05033713951706886], [1572480000000.0, 0.32058846950531006], [1575072000000.0, 0.5625622868537903], [1577750400000.0, 1.136597752571106], [1580428800000.0, 1.2365421056747437], [1582934400000.0, 1.2467037439346313], [1585612800000.0, 0.7142608761787415], [1588204800000.0, 0.37330132722854614], [1590883200000.0, 0.1279289275407791], [1593475200000.0, 0.006172990892082453]], "max_data": [[1564531200000.0, 0.03940310701727867], [1567209600000.0, 0.02272847853600979], [1569801600000.0, 0.12885522842407227], [1572480000000.0, 0.3689056932926178], [1575072000000.0, 0.6320970058441162], [1577750400000.0, 1.2651124000549316], [1580428800000.0, 1.3315845727920532], [1582934400000.0, 1.4063735008239746], [1585612800000.0, 0.9338261485099792], [1588204800000.0, 0.497035413980484], [1590883200000.0, 0.19011300802230835], [1593475200000.0, 0.04478147625923157]], "median_data": [[1564531200000.0, 0.009719692170619965], [1567209600000.0, 0.016095729544758797], [1569801600000.0, 0.07855375111103058], [1572480000000.0, 0.33964356780052185], [1575072000000.0, 0.5931203961372375], [1577750400000.0, 1.1695042848587036], [1580428800000.0, 1.259704351425171], [1582934400000.0, 1.2893108129501343], [1585612800000.0, 0.799233615398407], [1588204800000.0, 0.42967092990875244], [1590883200000.0, 0.1520519256591797], [1593475200000.0, 0.012590222992002964]], "mean_data": [[1564531200000.0, 0.0166642380774849], [1567209600000.0, 0.017655958835449483], [1569801600000.0, 0.08530092322164112], [1572480000000.0, 0.3409011761347453], [1575072000000.0, 0.5935445891486274], [1577750400000.0, 1.1846792035632663], [1580428800000.0, 1.2707759141921997], [1582934400000.0, 1.3157223463058472], [1585612800000.0, 0.8197341362635294], [1588204800000.0, 0.4345218473010593], [1590883200000.0, 0.15645149846871695], [1593475200000.0, 0.01999468796162142]]}, "success": "success", "interval": "3m"}