{"time_series": {"min_data": [[1564531200000.0, 7.406696767020549e-08], [1567209600000.0, 0.0], [1569801600000.0, 0.0], [1572480000000.0, 0.0936158075928688], [1575072000000.0, 0.10102682560682297], [1577750400000.0, 0.20057113468647003], [1580428800000.0, 0.20057113468647003], [1582934400000.0, 0.20057113468647003], [1585612800000.0, 0.20057113468647003], [1588204800000.0, 0.20057113468647003], [1590883200000.0, 0.20057113468647003], [1593475200000.0, 0.20057113468647003]], "max_data": [[1564531200000.0, 0.08727589249610901], [1567209600000.0, 0.0], [1569801600000.0, 0.0], [1572480000000.0, 0.14740626513957977], [1575072000000.0, 0.1836632341146469], [1577750400000.0, 0.309831827878952], [1580428800000.0, 0.309831827878952], [1582934400000.0, 0.309831827878952], [1585612800000.0, 0.309831827878952], [1588204800000.0, 0.309831827878952], [1590883200000.0, 0.309831827878952], [1593475200000.0, 0.309831827878952]], "median_data": [[1564531200000.0, 0.005263529717922211], [1567209600000.0, 0.0], [1569801600000.0, 0.0], [1572480000000.0, 0.10355111211538315], [1575072000000.0, 0.11665882915258408], [1577750400000.0, 0.22933486104011536], [1580428800000.0, 0.22933486104011536], [1582934400000.0, 0.22933486104011536], [1585612800000.0, 0.22933486104011536], [1588204800000.0, 0.22933486104011536], [1590883200000.0, 0.22933486104011536], [1593475200000.0, 0.22933486104011536]], "mean_data": [[1564531200000.0, 0.027356116225878364], [1567209600000.0, 0.0], [1569801600000.0, 0.0], [1572480000000.0, 0.10883666161033842], [1575072000000.0, 0.12766189956002766], [1577750400000.0, 0.24507317940394083], [1580428800000.0, 0.24507317940394083], [1582934400000.0, 0.24507317940394083], [1585612800000.0, 0.24507317940394083], [1588204800000.0, 0.24507317940394083], [1590883200000.0, 0.24507317940394083], [1593475200000.0, 0.24507317940394083]]}, "success": "success", "interval": "3m"}