{"time_series": {"min_data": [[1604102400000.0, 0.008904187008738518], [1606694400000.0, 0.028722034767270088], [1609372800000.0, 0.12378562241792679]], "max_data": [[1604102400000.0, 0.12017852067947388], [1606694400000.0, 0.1368342638015747], [1609372800000.0, 0.29703158140182495]], "median_data": [[1604102400000.0, 0.01273589301854372], [1606694400000.0, 0.062129825353622437], [1609372800000.0, 0.22433893382549286]], "mean_data": [[1604102400000.0, 0.04700310373057922], [1606694400000.0, 0.07664765189919207], [1609372800000.0, 0.21274852835469776]]}, "success": "success", "interval": "mm"}