{"time_series": {"min_data": [[1564531200000.0, 291.1680908203125], [1567209600000.0, 278.4394226074219], [1569801600000.0, 275.6468811035156], [1572480000000.0, 271.8374938964844], [1575072000000.0, 263.9644775390625], [1577750400000.0, 290.0066833496094], [1580428800000.0, 290.0066833496094], [1582934400000.0, 290.0066833496094], [1585612800000.0, 290.0066833496094], [1588204800000.0, 290.0066833496094], [1590883200000.0, 290.0066833496094], [1593475200000.0, 290.0066833496094]], "max_data": [[1564531200000.0, 292.11712646484375], [1567209600000.0, 279.2686462402344], [1569801600000.0, 276.5074462890625], [1572480000000.0, 272.71026611328125], [1575072000000.0, 264.3794860839844], [1577750400000.0, 291.1084289550781], [1580428800000.0, 291.1084289550781], [1582934400000.0, 291.1084289550781], [1585612800000.0, 291.1084289550781], [1588204800000.0, 291.1084289550781], [1590883200000.0, 291.1084289550781], [1593475200000.0, 291.1084289550781]], "median_data": [[1564531200000.0, 291.5110778808594], [1567209600000.0, 279.0075988769531], [1569801600000.0, 276.179443359375], [1572480000000.0, 272.4559631347656], [1575072000000.0, 264.2254333496094], [1577750400000.0, 290.81951904296875], [1580428800000.0, 290.81951904296875], [1582934400000.0, 290.81951904296875], [1585612800000.0, 290.81951904296875], [1588204800000.0, 290.81951904296875], [1590883200000.0, 290.81951904296875], [1593475200000.0, 290.81951904296875]], "mean_data": [[1564531200000.0, 291.6081136067708], [1567209600000.0, 278.94582112630206], [1569801600000.0, 276.136474609375], [1572480000000.0, 272.3915506998698], [1575072000000.0, 264.1801995171441], [1577750400000.0, 290.708977593316], [1580428800000.0, 290.708977593316], [1582934400000.0, 290.708977593316], [1585612800000.0, 290.708977593316], [1588204800000.0, 290.708977593316], [1590883200000.0, 290.708977593316], [1593475200000.0, 290.708977593316]]}, "success": "success", "interval": "3m"}