{"time_series": {"min_data": [[1617148800000.0, 1.374790072441101]], "max_data": [[1617148800000.0, 1.8789026737213135]], "median_data": [[1617148800000.0, 1.6099824905395508]], "mean_data": [[1617148800000.0, 1.6280196905136108]]}, "success": "success", "interval": "mm"}