{"time_series": {"min_data": [[1604102400000.0, 0.04016279801726341], [1606694400000.0, 0.11006612330675125], [1609372800000.0, 0.6541652083396912], [1612051200000.0, 0.7243332862854004], [1614470400000.0, 1.887368083000183], [1617148800000.0, 1.0300530195236206]], "max_data": [[1604102400000.0, 0.057601239532232285], [1606694400000.0, 0.3311749994754791], [1609372800000.0, 0.9470983743667603], [1612051200000.0, 0.8302658200263977], [1614470400000.0, 2.020252227783203], [1617148800000.0, 1.3284366130828857]], "median_data": [[1604102400000.0, 0.042788390070199966], [1606694400000.0, 0.19393867254257202], [1609372800000.0, 0.7482870817184448], [1612051200000.0, 0.7455868721008301], [1614470400000.0, 1.9476649761199951], [1617148800000.0, 1.145837664604187]], "mean_data": [[1604102400000.0, 0.045676202409797244], [1606694400000.0, 0.21138547278112835], [1609372800000.0, 0.7614638805389404], [1612051200000.0, 0.7661473684840732], [1614470400000.0, 1.944934646288554], [1617148800000.0, 1.1672681172688801]]}, "success": "success", "interval": "mm"}