{"time_series": {"min_data": [[1604102400000.0, 0.016151174902915955]], "max_data": [[1604102400000.0, 0.026472851634025574]], "median_data": [[1604102400000.0, 0.021096820943057537]], "mean_data": [[1604102400000.0, 0.021029586624354123]]}, "success": "success", "interval": "mm"}