{"time_series": {"min_data": [[1585612800000.0, 0.4209640622138977], [1588204800000.0, 1.3862414360046387], [1590883200000.0, 0.6094409227371216], [1593475200000.0, 0.23517465591430664]], "max_data": [[1585612800000.0, 0.7838399410247803], [1588204800000.0, 1.5086086988449097], [1590883200000.0, 1.0016926527023315], [1593475200000.0, 0.6958878636360168]], "median_data": [[1585612800000.0, 0.6840149164199829], [1588204800000.0, 1.3994965553283691], [1590883200000.0, 0.6367039680480957], [1593475200000.0, 0.2750534117221832]], "mean_data": [[1585612800000.0, 0.6219761139816709], [1588204800000.0, 1.4278408421410456], [1590883200000.0, 0.742680185370975], [1593475200000.0, 0.39987220697932774]]}, "success": "success", "interval": "mm"}