{"time_series": {"min_data": [[1564531200000.0, 0.005448398645967245], [1567209600000.0, -0.003536458360031247], [1569801600000.0, -0.008254075422883034], [1572480000000.0, 0.08995723724365234], [1575072000000.0, 0.09664847701787949], [1577750400000.0, 0.560190737247467], [1580428800000.0, 0.560190737247467], [1582934400000.0, 0.560190737247467], [1585612800000.0, 0.560190737247467], [1588204800000.0, 0.560190737247467], [1590883200000.0, 0.560190737247467], [1593475200000.0, 0.560190737247467]], "max_data": [[1564531200000.0, 0.27114278078079224], [1567209600000.0, 0.1941586583852768], [1569801600000.0, 0.11881663650274277], [1572480000000.0, 0.14314410090446472], [1575072000000.0, 0.18773138523101807], [1577750400000.0, 0.9630995392799377], [1580428800000.0, 0.9630995392799377], [1582934400000.0, 0.9630995392799377], [1585612800000.0, 0.9630995392799377], [1588204800000.0, 0.9630995392799377], [1590883200000.0, 0.9630995392799377], [1593475200000.0, 0.9630995392799377]], "median_data": [[1564531200000.0, 0.08208748698234558], [1567209600000.0, 0.005444882903248072], [1569801600000.0, -0.0070303319953382015], [1572480000000.0, 0.1182573065161705], [1575072000000.0, 0.1419425904750824], [1577750400000.0, 0.6779530644416809], [1580428800000.0, 0.6779530644416809], [1582934400000.0, 0.6779530644416809], [1585612800000.0, 0.6779530644416809], [1588204800000.0, 0.6779530644416809], [1590883200000.0, 0.6779530644416809], [1593475200000.0, 0.6779530644416809]], "mean_data": [[1564531200000.0, 0.11907669886325796], [1567209600000.0, 0.06256650343291564], [1569801600000.0, 0.032769521387914814], [1572480000000.0, 0.12013689014646742], [1575072000000.0, 0.14757203476296532], [1577750400000.0, 0.7327775359153748], [1580428800000.0, 0.7327775359153748], [1582934400000.0, 0.7327775359153748], [1585612800000.0, 0.7327775359153748], [1588204800000.0, 0.7327775359153748], [1590883200000.0, 0.7327775359153748], [1593475200000.0, 0.7327775359153748]]}, "success": "success", "interval": "3m"}