{"time_series": {"min_data": [[1604102400000.0, 0.04016279801726341]], "max_data": [[1604102400000.0, 0.057601239532232285]], "median_data": [[1604102400000.0, 0.042788390070199966]], "mean_data": [[1604102400000.0, 0.045676202409797244]]}, "success": "success", "interval": "mm"}