{"time_series": {"min_data": [[1564531200000.0, 290.668701171875], [1567209600000.0, 282.2735900878906], [1569801600000.0, 281.3583679199219], [1572480000000.0, 277.0078430175781], [1575072000000.0, 271.1732177734375], [1577750400000.0, 292.6462707519531], [1580428800000.0, 292.6462707519531], [1582934400000.0, 292.6462707519531], [1585612800000.0, 292.6462707519531], [1588204800000.0, 292.6462707519531], [1590883200000.0, 292.6462707519531], [1593475200000.0, 292.6462707519531]], "max_data": [[1564531200000.0, 294.8313293457031], [1567209600000.0, 285.7451171875], [1569801600000.0, 283.97796630859375], [1572480000000.0, 280.1208190917969], [1575072000000.0, 276.0126953125], [1577750400000.0, 296.3055725097656], [1580428800000.0, 296.3055725097656], [1582934400000.0, 296.3055725097656], [1585612800000.0, 296.3055725097656], [1588204800000.0, 296.3055725097656], [1590883200000.0, 296.3055725097656], [1593475200000.0, 296.3055725097656]], "median_data": [[1564531200000.0, 292.9466247558594], [1567209600000.0, 284.57623291015625], [1569801600000.0, 282.92591857910156], [1572480000000.0, 278.1585235595703], [1575072000000.0, 274.2178955078125], [1577750400000.0, 294.4308776855469], [1580428800000.0, 294.4308776855469], [1582934400000.0, 294.4308776855469], [1585612800000.0, 294.4308776855469], [1588204800000.0, 294.4308776855469], [1590883200000.0, 294.4308776855469], [1593475200000.0, 294.4308776855469]], "mean_data": [[1564531200000.0, 293.09070892333983], [1567209600000.0, 284.4671600341797], [1569801600000.0, 282.8816604614258], [1572480000000.0, 278.3575805664062], [1575072000000.0, 274.25883331298826], [1577750400000.0, 294.54278259277345], [1580428800000.0, 294.54278259277345], [1582934400000.0, 294.54278259277345], [1585612800000.0, 294.54278259277345], [1588204800000.0, 294.54278259277345], [1590883200000.0, 294.54278259277345], [1593475200000.0, 294.54278259277345]]}, "success": "success", "interval": "3m"}