{"time_series": {"min_data": [[1602288000000.0, 153.9971160888672], [1603152000000.0, 153.8889923095703]], "max_data": [[1602288000000.0, 184.17742919921875], [1603152000000.0, 184.09609985351562]], "median_data": [[1602288000000.0, 183.29420471191406], [1603152000000.0, 183.2709197998047]], "mean_data": [[1602288000000.0, 174.02805752224393], [1603152000000.0, 173.95555114746094]]}, "success": "success", "interval": "dd"}