{"time_series": {"min_data": [[1602288000000.0, 298.7081604003906], [1603152000000.0, 294.70111083984375]], "max_data": [[1602288000000.0, 301.5560302734375], [1603152000000.0, 296.5346984863281]], "median_data": [[1602288000000.0, 300.03565979003906], [1603152000000.0, 295.8007354736328]], "mean_data": [[1602288000000.0, 300.0836608886719], [1603152000000.0, 295.7262619018555]]}, "success": "success", "interval": "dd"}