{"time_series": {"min_data": [[1604102400000.0, 153.93276977539062]], "max_data": [[1604102400000.0, 184.1080322265625]], "median_data": [[1604102400000.0, 183.2692108154297]], "mean_data": [[1604102400000.0, 173.97493659125433]]}, "success": "success", "interval": "mm"}