{"time_series": {"min_data": [[1602288000000.0, -0.0006429965142160654], [1603152000000.0, -0.000954224553424865]], "max_data": [[1602288000000.0, 0.17651793360710144], [1603152000000.0, 0.12151789665222168]], "median_data": [[1602288000000.0, 0.00012968269584234804], [1603152000000.0, -0.00019535257888492197]], "mean_data": [[1602288000000.0, 0.058597199553433815], [1603152000000.0, 0.03987759968650709]]}, "success": "success", "interval": "dd"}