{"time_series": {"min_data": [[1107129600000.0, 201.80252075195312], [1109548800000.0, 231.53436279296875], [1112227200000.0, 234.16159057617188], [1114819200000.0, 215.78749084472656], [1117497600000.0, 187.71473693847656], [1120089600000.0, 157.05487060546875], [1122768000000.0, 144.24229431152344], [1125446400000.0, 140.03475952148438], [1128038400000.0, 135.7454833984375], [1130716800000.0, 134.96942138671875], [1133308800000.0, 144.34925842285156], [1135987200000.0, 174.33714294433594]], "max_data": [[1107129600000.0, 249.42922973632812], [1109548800000.0, 266.2686462402344], [1112227200000.0, 259.1856384277344], [1114819200000.0, 239.04090881347656], [1117497600000.0, 211.0908203125], [1120089600000.0, 186.72015380859375], [1122768000000.0, 183.46849060058594], [1125446400000.0, 182.98989868164062], [1128038400000.0, 180.76480102539062], [1130716800000.0, 182.25466918945312], [1133308800000.0, 198.56504821777344], [1135987200000.0, 228.32647705078125]], "median_data": [[1107129600000.0, 246.6546630859375], [1109548800000.0, 264.697021484375], [1112227200000.0, 256.6950988769531], [1114819200000.0, 234.1855010986328], [1117497600000.0, 206.93048095703125], [1120089600000.0, 185.4454345703125], [1122768000000.0, 180.6395263671875], [1125446400000.0, 180.6361083984375], [1128038400000.0, 180.00582885742188], [1130716800000.0, 181.1719207763672], [1133308800000.0, 189.85525512695312], [1135987200000.0, 221.82940673828125]], "mean_data": [[1107129600000.0, 232.93565538194446], [1109548800000.0, 254.50887891981336], [1112227200000.0, 249.99054633246527], [1114819200000.0, 229.67137145996094], [1117497600000.0, 202.19329325358072], [1120089600000.0, 176.5573527018229], [1122768000000.0, 169.58780076768664], [1125446400000.0, 168.09529283311633], [1128038400000.0, 165.77678426106772], [1130716800000.0, 166.3804473876953], [1133308800000.0, 177.1997324625651], [1135987200000.0, 208.23636372884116]]}, "success": "success", "interval": "mm"}