{"time_series": {"min_data": [[1604102400000.0, 0.042962443083524704], [1606694400000.0, 0.1524394154548645], [1609372800000.0, 0.49221980571746826], [1612051200000.0, 2.3240582436301338e-07], [1614470400000.0, 0.353843629360199], [1617148800000.0, 1.374790072441101]], "max_data": [[1604102400000.0, 0.07366129010915756], [1606694400000.0, 0.5724796652793884], [1609372800000.0, 0.6091750860214233], [1612051200000.0, 0.09271220862865448], [1614470400000.0, 0.40062427520751953], [1617148800000.0, 1.8789026737213135]], "median_data": [[1604102400000.0, 0.05214179307222366], [1606694400000.0, 0.36779046058654785], [1609372800000.0, 0.5113528966903687], [1612051200000.0, 0.011793662793934345], [1614470400000.0, 0.3708115220069885], [1617148800000.0, 1.6099824905395508]], "mean_data": [[1604102400000.0, 0.0562764017118348], [1606694400000.0, 0.37621544301509857], [1609372800000.0, 0.5316130717595419], [1612051200000.0, 0.022699695382562543], [1614470400000.0, 0.3735792272620731], [1617148800000.0, 1.6280196905136108]]}, "success": "success", "interval": "mm"}