{"time_series": {"min_data": [[1604102400000.0, 153.93276977539062], [1606694400000.0, 155.2489776611328], [1609372800000.0, 158.24020385742188]], "max_data": [[1604102400000.0, 184.1080322265625], [1606694400000.0, 184.2039337158203], [1609372800000.0, 185.18264770507812]], "median_data": [[1604102400000.0, 183.2692108154297], [1606694400000.0, 183.49114990234375], [1609372800000.0, 184.54010009765625]], "mean_data": [[1604102400000.0, 173.97493659125433], [1606694400000.0, 174.522708468967], [1609372800000.0, 176.18124389648438]]}, "success": "success", "interval": "mm"}