{"time_series": {"min_data": [[1604102400000.0, 291.94757080078125], [1606694400000.0, 283.4497375488281], [1609372800000.0, 277.82861328125]], "max_data": [[1604102400000.0, 292.89276123046875], [1606694400000.0, 284.4343566894531], [1609372800000.0, 278.7456970214844]], "median_data": [[1604102400000.0, 292.6530456542969], [1606694400000.0, 284.16864013671875], [1609372800000.0, 278.53204345703125]], "mean_data": [[1604102400000.0, 292.5888095431858], [1606694400000.0, 284.06435139973956], [1609372800000.0, 278.4489576551649]]}, "success": "success", "interval": "mm"}