{"time_series": {"min_data": [[1604102400000.0, -0.0008771453285589814], [1606694400000.0, -0.010082554072141647], [1609372800000.0, -0.009493392892181873]], "max_data": [[1604102400000.0, 0.13638900220394135], [1606694400000.0, 0.005187440197914839], [1609372800000.0, -0.008686291985213757]], "median_data": [[1604102400000.0, -0.0002550297067500651], [1606694400000.0, -0.009371466003358364], [1609372800000.0, -0.009114706888794899]], "mean_data": [[1604102400000.0, 0.045071301364158795], [1606694400000.0, -0.004885559332453542], [1609372800000.0, -0.009101749087373415]]}, "success": "success", "interval": "mm"}