{"singleline": [[1604188800000, -0.5161160716544027, 11, 2020], [1606780800000, -0.9543688012206036, 12, 2020], [1609459200000, -0.5263605979473694, 1, 2021], [1612137600000, -1.1162565454192783, 2, 2021], [1614556800000, 0.2879967397969702, 3, 2021], [1617235200000, -0.08327063166728729, 4, 2021], [1619827200000, 0.8748748237672059, 5, 2021], [1622505600000, -0.03669481478510019, 6, 2021]], "multiline": {"min": [[1604188800000, -1.274888258913289], [1604188800000, -1.274888258913289], [1604188800000, -1.274888258913289], [1604188800000, -1.274888258913289], [1604188800000, -1.274888258913289], [1604188800000, -1.274888258913289], [1604188800000, -1.274888258913289], [1604188800000, -1.274888258913289], [1606780800000, -1.206077031467272], [1606780800000, -1.206077031467272], [1606780800000, -1.206077031467272], [1606780800000, -1.206077031467272], [1606780800000, -1.206077031467272], [1606780800000, -1.206077031467272], [1606780800000, -1.206077031467272], [1606780800000, -1.206077031467272], [1609459200000, -1.0641125777493352], [1609459200000, -1.0641125777493352], [1609459200000, -1.0641125777493352], [1609459200000, -1.0641125777493352], [1609459200000, -1.0641125777493352], [1609459200000, -1.0641125777493352], [1609459200000, -1.0641125777493352], [1609459200000, -1.0641125777493352], [1612137600000, -1.4693096850229346], [1612137600000, -1.4693096850229346], [1612137600000, -1.4693096850229346], [1612137600000, -1.4693096850229346], [1612137600000, -1.4693096850229346], [1612137600000, -1.4693096850229346], [1612137600000, -1.4693096850229346], [1612137600000, -1.4693096850229346], [1614556800000, -1.3574300252872964], [1614556800000, -1.3574300252872964], [1614556800000, -1.3574300252872964], [1614556800000, -1.3574300252872964], [1614556800000, -1.3574300252872964], [1614556800000, -1.3574300252872964], [1614556800000, -1.3574300252872964], [1614556800000, -1.3574300252872964], [1617235200000, -1.6361235354257666], [1617235200000, -1.6361235354257666], [1617235200000, -1.6361235354257666], [1617235200000, -1.6361235354257666], [1617235200000, -1.6361235354257666], [1617235200000, -1.6361235354257666], [1617235200000, -1.6361235354257666], [1617235200000, -1.6361235354257666], [1619827200000, -0.9667825258296469], [1619827200000, -0.9667825258296469], [1619827200000, -0.9667825258296469], [1619827200000, -0.9667825258296469], [1619827200000, -0.9667825258296469], [1619827200000, -0.9667825258296469], [1619827200000, -0.9667825258296469], [1619827200000, -0.9667825258296469], [1622505600000, -0.5637295038803763], [1622505600000, -0.5637295038803763], [1622505600000, -0.5637295038803763], [1622505600000, -0.5637295038803763], [1622505600000, -0.5637295038803763], [1622505600000, -0.5637295038803763], [1622505600000, -0.5637295038803763], [1622505600000, -0.5637295038803763]], "max": [[1604188800000, 0.17947869033188277], [1604188800000, 0.17947869033188277], [1604188800000, 0.17947869033188277], [1604188800000, 0.17947869033188277], [1604188800000, 0.17947869033188277], [1604188800000, 0.17947869033188277], [1604188800000, 0.17947869033188277], [1604188800000, 0.17947869033188277], [1606780800000, -0.4485244278026664], [1606780800000, -0.4485244278026664], [1606780800000, -0.4485244278026664], [1606780800000, -0.4485244278026664], [1606780800000, -0.4485244278026664], [1606780800000, -0.4485244278026664], [1606780800000, -0.4485244278026664], [1606780800000, -0.4485244278026664], [1609459200000, 0.33687544974457956], [1609459200000, 0.33687544974457956], [1609459200000, 0.33687544974457956], [1609459200000, 0.33687544974457956], [1609459200000, 0.33687544974457956], [1609459200000, 0.33687544974457956], [1609459200000, 0.33687544974457956], [1609459200000, 0.33687544974457956], [1612137600000, -0.10852259727518844], [1612137600000, -0.10852259727518844], [1612137600000, -0.10852259727518844], [1612137600000, -0.10852259727518844], [1612137600000, -0.10852259727518844], [1612137600000, -0.10852259727518844], [1612137600000, -0.10852259727518844], [1612137600000, -0.10852259727518844], [1614556800000, 1.5968897083531255], [1614556800000, 1.5968897083531255], [1614556800000, 1.5968897083531255], [1614556800000, 1.5968897083531255], [1614556800000, 1.5968897083531255], [1614556800000, 1.5968897083531255], [1614556800000, 1.5968897083531255], [1614556800000, 1.5968897083531255], [1617235200000, 1.9579098665195962], [1617235200000, 1.9579098665195962], [1617235200000, 1.9579098665195962], [1617235200000, 1.9579098665195962], [1617235200000, 1.9579098665195962], [1617235200000, 1.9579098665195962], [1617235200000, 1.9579098665195962], [1617235200000, 1.9579098665195962], [1619827200000, 2.3226962011793386], [1619827200000, 2.3226962011793386], [1619827200000, 2.3226962011793386], [1619827200000, 2.3226962011793386], [1619827200000, 2.3226962011793386], [1619827200000, 2.3226962011793386], [1619827200000, 2.3226962011793386], [1619827200000, 2.3226962011793386], [1622505600000, 1.7331842330648848], [1622505600000, 1.7331842330648848], [1622505600000, 1.7331842330648848], [1622505600000, 1.7331842330648848], [1622505600000, 1.7331842330648848], [1622505600000, 1.7331842330648848], [1622505600000, 1.7331842330648848], [1622505600000, 1.7331842330648848]], "mean": [[1604188800000, -0.5161160725085369], [1604188800000, -0.5161160725085369], [1604188800000, -0.5161160725085369], [1604188800000, -0.5161160725085369], [1604188800000, -0.5161160725085369], [1604188800000, -0.5161160725085369], [1604188800000, -0.5161160725085369], [1604188800000, -0.5161160725085369], [1606780800000, -0.9543687998438658], [1606780800000, -0.9543687998438658], [1606780800000, -0.9543687998438658], [1606780800000, -0.9543687998438658], [1606780800000, -0.9543687998438658], [1606780800000, -0.9543687998438658], [1606780800000, -0.9543687998438658], [1606780800000, -0.9543687998438658], [1609459200000, -0.5263605977069465], [1609459200000, -0.5263605977069465], [1609459200000, -0.5263605977069465], [1609459200000, -0.5263605977069465], [1609459200000, -0.5263605977069465], [1609459200000, -0.5263605977069465], [1609459200000, -0.5263605977069465], [1609459200000, -0.5263605977069465], [1612137600000, -1.116256548585269], [1612137600000, -1.116256548585269], [1612137600000, -1.116256548585269], [1612137600000, -1.116256548585269], [1612137600000, -1.116256548585269], [1612137600000, -1.116256548585269], [1612137600000, -1.116256548585269], [1612137600000, -1.116256548585269], [1614556800000, 0.28799674072386394], [1614556800000, 0.28799674072386394], [1614556800000, 0.28799674072386394], [1614556800000, 0.28799674072386394], [1614556800000, 0.28799674072386394], [1614556800000, 0.28799674072386394], [1614556800000, 0.28799674072386394], [1614556800000, 0.28799674072386394], [1617235200000, -0.08327063195484577], [1617235200000, -0.08327063195484577], [1617235200000, -0.08327063195484577], [1617235200000, -0.08327063195484577], [1617235200000, -0.08327063195484577], [1617235200000, -0.08327063195484577], [1617235200000, -0.08327063195484577], [1617235200000, -0.08327063195484577], [1619827200000, 0.874874823493883], [1619827200000, 0.874874823493883], [1619827200000, 0.874874823493883], [1619827200000, 0.874874823493883], [1619827200000, 0.874874823493883], [1619827200000, 0.874874823493883], [1619827200000, 0.874874823493883], [1619827200000, 0.874874823493883], [1622505600000, -0.036694813267272086], [1622505600000, -0.036694813267272086], [1622505600000, -0.036694813267272086], [1622505600000, -0.036694813267272086], [1622505600000, -0.036694813267272086], [1622505600000, -0.036694813267272086], [1622505600000, -0.036694813267272086], [1622505600000, -0.036694813267272086]]},