{"time_series": {"min_data": [[1564531200000.0, 183.9407196044922], [1567209600000.0, 182.3007049560547], [1569801600000.0, 181.1885528564453], [1572480000000.0, 206.0591583251953], [1575072000000.0, 223.44635009765625], [1577750400000.0, 194.4355926513672], [1580428800000.0, 194.4355926513672], [1582934400000.0, 194.4355926513672], [1585612800000.0, 194.4355926513672], [1588204800000.0, 194.4355926513672], [1590883200000.0, 194.4355926513672], [1593475200000.0, 194.4355926513672]], "max_data": [[1564531200000.0, 192.0283966064453], [1567209600000.0, 190.9470977783203], [1569801600000.0, 190.2736053466797], [1572480000000.0, 215.12852478027344], [1575072000000.0, 238.1783905029297], [1577750400000.0, 203.18899536132812], [1580428800000.0, 203.18899536132812], [1582934400000.0, 203.18899536132812], [1585612800000.0, 203.18899536132812], [1588204800000.0, 203.18899536132812], [1590883200000.0, 203.18899536132812], [1593475200000.0, 203.18899536132812]], "median_data": [[1564531200000.0, 189.15786743164062], [1567209600000.0, 188.1957015991211], [1569801600000.0, 187.65350341796875], [1572480000000.0, 209.67205047607422], [1575072000000.0, 230.30274963378906], [1577750400000.0, 200.21360778808594], [1580428800000.0, 200.21360778808594], [1582934400000.0, 200.21360778808594], [1585612800000.0, 200.21360778808594], [1588204800000.0, 200.21360778808594], [1590883200000.0, 200.21360778808594], [1593475200000.0, 200.21360778808594]], "mean_data": [[1564531200000.0, 189.07190856933593], [1567209600000.0, 188.06474609375], [1569801600000.0, 187.47239151000977], [1572480000000.0, 210.39085693359374], [1575072000000.0, 230.73640060424805], [1577750400000.0, 199.4188446044922], [1580428800000.0, 199.4188446044922], [1582934400000.0, 199.4188446044922], [1585612800000.0, 199.4188446044922], [1588204800000.0, 199.4188446044922], [1590883200000.0, 199.4188446044922], [1593475200000.0, 199.4188446044922]]}, "success": "success", "interval": "3m"}