{"time_series": {"min_data": [[1604102400000.0, 134.96942138671875]], "max_data": [[1604102400000.0, 182.25466918945312]], "median_data": [[1604102400000.0, 181.1719207763672]], "mean_data": [[1604102400000.0, 166.3804473876953]]}, "success": "success", "interval": "mm"}