{"time_series": {"min_data": [[1585612800000.0, 0.0], [1588204800000.0, 0.12699757516384125], [1590883200000.0, 0.0], [1593475200000.0, 0.0]], "max_data": [[1585612800000.0, 0.0], [1588204800000.0, 0.24236957728862762], [1590883200000.0, 0.0], [1593475200000.0, 0.0]], "median_data": [[1585612800000.0, 0.0], [1588204800000.0, 0.17570118606090546], [1590883200000.0, 0.0], [1593475200000.0, 0.0]], "mean_data": [[1585612800000.0, 0.0], [1588204800000.0, 0.1802094644970364], [1590883200000.0, 0.0], [1593475200000.0, 0.0]]}, "success": "success", "interval": "mm"}