{"time_series": {"min_data": [[1585612800000.0, 0.7142608761787415], [1588204800000.0, 0.37330132722854614], [1590883200000.0, 0.1279289275407791], [1593475200000.0, 0.006172990892082453]], "max_data": [[1585612800000.0, 0.9338261485099792], [1588204800000.0, 0.497035413980484], [1590883200000.0, 0.19011300802230835], [1593475200000.0, 0.04478147625923157]], "median_data": [[1585612800000.0, 0.799233615398407], [1588204800000.0, 0.42967092990875244], [1590883200000.0, 0.1520519256591797], [1593475200000.0, 0.012590222992002964]], "mean_data": [[1585612800000.0, 0.8197341362635294], [1588204800000.0, 0.4345218473010593], [1590883200000.0, 0.15645149846871695], [1593475200000.0, 0.01999468796162142]]}, "success": "success", "interval": "3m"}