{"time_series": {"min_data": [[1604102400000.0, -0.004019123502075672]], "max_data": [[1604102400000.0, 0.11282438784837723]], "median_data": [[1604102400000.0, -0.003262490965425968]], "mean_data": [[1604102400000.0, 0.0025053011486306787]]}, "success": "success", "interval": "mm"}