{"time_series": {"min_data": [[1604102400000.0, 134.96942138671875], [1606694400000.0, 144.34925842285156], [1609372800000.0, 174.33714294433594], [1612051200000.0, 201.80252075195312], [1614470400000.0, 231.53436279296875], [1617148800000.0, 234.16159057617188]], "max_data": [[1604102400000.0, 182.25466918945312], [1606694400000.0, 198.56504821777344], [1609372800000.0, 228.32647705078125], [1612051200000.0, 249.42922973632812], [1614470400000.0, 266.2686462402344], [1617148800000.0, 259.1856384277344]], "median_data": [[1604102400000.0, 181.1719207763672], [1606694400000.0, 189.85525512695312], [1609372800000.0, 221.82940673828125], [1612051200000.0, 246.6546630859375], [1614470400000.0, 264.697021484375], [1617148800000.0, 256.6950988769531]], "mean_data": [[1604102400000.0, 166.3804473876953], [1606694400000.0, 177.1997324625651], [1609372800000.0, 208.23636372884116], [1612051200000.0, 232.93565538194446], [1614470400000.0, 254.50887891981336], [1617148800000.0, 249.99054633246527]]}, "success": "success", "interval": "mm"}