{"time_series": {"min_data": [[1604102400000.0, 0.008904187008738518]], "max_data": [[1604102400000.0, 0.12017852067947388]], "median_data": [[1604102400000.0, 0.01273589301854372]], "mean_data": [[1604102400000.0, 0.04700310373057922]]}, "success": "success", "interval": "mm"}