{"time_series": {"min_data": [[1585612800000.0, 281.2007751464844], [1588204800000.0, 286.62017822265625], [1590883200000.0, 294.42724609375], [1593475200000.0, 295.2990417480469]], "max_data": [[1585612800000.0, 282.2354431152344], [1588204800000.0, 289.2483825683594], [1590883200000.0, 296.2482604980469], [1593475200000.0, 297.69464111328125]], "median_data": [[1585612800000.0, 281.4540100097656], [1588204800000.0, 287.6443786621094], [1590883200000.0, 294.48419189453125], [1593475200000.0, 297.0041198730469]], "mean_data": [[1585612800000.0, 281.6300760904948], [1588204800000.0, 287.837646484375], [1590883200000.0, 295.05323282877606], [1593475200000.0, 296.6659342447917]]}, "success": "success", "interval": "mm"}