{"time_series": {"min_data": [[1585612800000.0, 0.560190737247467], [1588204800000.0, 0.560190737247467], [1590883200000.0, 0.560190737247467], [1593475200000.0, 0.560190737247467]], "max_data": [[1585612800000.0, 0.9630995392799377], [1588204800000.0, 0.9630995392799377], [1590883200000.0, 0.9630995392799377], [1593475200000.0, 0.9630995392799377]], "median_data": [[1585612800000.0, 0.6779530644416809], [1588204800000.0, 0.6779530644416809], [1590883200000.0, 0.6779530644416809], [1593475200000.0, 0.6779530644416809]], "mean_data": [[1585612800000.0, 0.7327775359153748], [1588204800000.0, 0.7327775359153748], [1590883200000.0, 0.7327775359153748], [1593475200000.0, 0.7327775359153748]]}, "success": "success", "interval": "3m"}