{"time_series": {"min_data": [[1617148800000.0, 1.0300530195236206], [1619740800000.0, 0.7482590675354004], [1622419200000.0, 0.36556705832481384], [1625011200000.0, 0.006335498299449682], [1627689600000.0, 0.007961838506162167], [1630368000000.0, 0.003572306828573346], [1632960000000.0, 4.694567178376019e-05], [1635638400000.0, 0.04016279801726341], [1638230400000.0, 0.11006612330675125], [1640908800000.0, 0.6541652083396912]], "max_data": [[1617148800000.0, 1.3284366130828857], [1619740800000.0, 1.0353178977966309], [1622419200000.0, 0.4483175277709961], [1625011200000.0, 0.01665826141834259], [1627689600000.0, 0.10708723217248917], [1630368000000.0, 0.010071949101984501], [1632960000000.0, 0.0004331195668783039], [1635638400000.0, 0.057601239532232285], [1638230400000.0, 0.3311749994754791], [1640908800000.0, 0.9470983743667603]], "median_data": [[1617148800000.0, 1.145837664604187], [1619740800000.0, 0.8518226742744446], [1622419200000.0, 0.4239538013935089], [1625011200000.0, 0.008929338306188583], [1627689600000.0, 0.023865962401032448], [1630368000000.0, 0.005028273910284042], [1632960000000.0, 0.0001268524647457525], [1635638400000.0, 0.042788390070199966], [1638230400000.0, 0.19393867254257202], [1640908800000.0, 0.7482870817184448]], "mean_data": [[1617148800000.0, 1.1672681172688801], [1619740800000.0, 0.882422513431973], [1622419200000.0, 0.41153401136398315], [1625011200000.0, 0.010375301250153117], [1627689600000.0, 0.04273303163548311], [1630368000000.0, 0.006565423889292611], [1632960000000.0, 0.00016192499768092402], [1635638400000.0, 0.045676202409797244], [1638230400000.0, 0.21138547278112835], [1640908800000.0, 0.7614638805389404]]}, "success": "success", "interval": "mm"}