{"time_series": {"min_data": [[1604102400000.0, 176.94631958007812]], "max_data": [[1604102400000.0, 186.65728759765625]], "median_data": [[1604102400000.0, 184.2917251586914]], "mean_data": [[1604102400000.0, 184.17651138305663]]}, "success": "success", "interval": "mm"}