{"time_series": {"min_data": [[1585612800000.0, 301.0687561035156], [1588204800000.0, 301.0687561035156], [1590883200000.0, 301.0687561035156], [1593475200000.0, 301.0687561035156]], "max_data": [[1585612800000.0, 301.9780578613281], [1588204800000.0, 301.9780578613281], [1590883200000.0, 301.9780578613281], [1593475200000.0, 301.9780578613281]], "median_data": [[1585612800000.0, 301.82989501953125], [1588204800000.0, 301.82989501953125], [1590883200000.0, 301.82989501953125], [1593475200000.0, 301.82989501953125]], "mean_data": [[1585612800000.0, 301.70341322157117], [1588204800000.0, 301.70341322157117], [1590883200000.0, 301.70341322157117], [1593475200000.0, 301.70341322157117]]}, "success": "success", "interval": "3m"}