{"time_series": {"min_data": [[1107129600000.0, 1.696108102798462], [1109548800000.0, 1.8927799463272095], [1112227200000.0, 1.7592904567718506], [1114819200000.0, 0.20054040849208832], [1117497600000.0, 0.5329775214195251], [1120089600000.0, 0.011215503327548504], [1122768000000.0, 0.0], [1125446400000.0, 0.0], [1128038400000.0, 0.0001260484423255548], [1130716800000.0, 0.0], [1133308800000.0, 0.1102731004357338], [1135987200000.0, 0.0012345191789790988]], "max_data": [[1107129600000.0, 1.7493406534194946], [1109548800000.0, 2.091738700866699], [1112227200000.0, 2.364076614379883], [1114819200000.0, 0.6347510814666748], [1117497600000.0, 0.9300316572189331], [1120089600000.0, 0.04403666779398918], [1122768000000.0, 0.0], [1125446400000.0, 0.0], [1128038400000.0, 0.007804954890161753], [1130716800000.0, 0.0], [1133308800000.0, 0.4052150547504425], [1135987200000.0, 0.05445991829037666]], "median_data": [[1107129600000.0, 1.727721929550171], [1109548800000.0, 1.992742657661438], [1112227200000.0, 2.0093774795532227], [1114819200000.0, 0.2848663628101349], [1117497600000.0, 0.7475409507751465], [1120089600000.0, 0.02221486158668995], [1122768000000.0, 0.0], [1125446400000.0, 0.0], [1128038400000.0, 0.00121053378097713], [1130716800000.0, 0.0], [1133308800000.0, 0.22717061638832092], [1135987200000.0, 0.01946304738521576]], "mean_data": [[1107129600000.0, 1.7218272686004639], [1109548800000.0, 1.9916911125183105], [1112227200000.0, 2.0436432361602783], [1114819200000.0, 0.3673894570933448], [1117497600000.0, 0.7350525127516853], [1120089600000.0, 0.02535438992910915], [1122768000000.0, 0.0], [1125446400000.0, 0.0], [1128038400000.0, 0.0018054784660408688], [1130716800000.0, 0.0], [1133308800000.0, 0.24847912540038428], [1135987200000.0, 0.021853950198015407]]}, "success": "success", "interval": "mm"}