{"time_series": {"min_data": [[1604102400000.0, -0.000955748138949275]], "max_data": [[1604102400000.0, 0.1052732840180397]], "median_data": [[1604102400000.0, 0.0018237074255011976]], "mean_data": [[1604102400000.0, 0.006925239581323695]]}, "success": "success", "interval": "mm"}