{"time_series": {"min_data": [[1617148800000.0, 234.16159057617188], [1619740800000.0, 215.78749084472656], [1622419200000.0, 187.71473693847656], [1625011200000.0, 157.05487060546875]], "max_data": [[1617148800000.0, 259.1856384277344], [1619740800000.0, 239.04090881347656], [1622419200000.0, 211.0908203125], [1625011200000.0, 186.72015380859375]], "median_data": [[1617148800000.0, 256.6950988769531], [1619740800000.0, 234.1855010986328], [1622419200000.0, 206.93048095703125], [1625011200000.0, 185.4454345703125]], "mean_data": [[1617148800000.0, 249.99054633246527], [1619740800000.0, 229.67137145996094], [1622419200000.0, 202.19329325358072], [1625011200000.0, 176.5573527018229]]}, "success": "success", "interval": "mm"}