{"time_series": {"min_data": [[1617148800000.0, 277.5669250488281]], "max_data": [[1617148800000.0, 278.2039489746094]], "median_data": [[1617148800000.0, 278.05517578125]], "mean_data": [[1617148800000.0, 277.98906792534723]]}, "success": "success", "interval": "mm"}