{"time_series": {"min_data": [[1604102400000.0, 0.04016279801726341], [1606694400000.0, 0.11006612330675125], [1609372800000.0, 0.6541652083396912]], "max_data": [[1604102400000.0, 0.057601239532232285], [1606694400000.0, 0.3311749994754791], [1609372800000.0, 0.9470983743667603]], "median_data": [[1604102400000.0, 0.042788390070199966], [1606694400000.0, 0.19393867254257202], [1609372800000.0, 0.7482870817184448]], "mean_data": [[1604102400000.0, 0.045676202409797244], [1606694400000.0, 0.21138547278112835], [1609372800000.0, 0.7614638805389404]]}, "success": "success", "interval": "mm"}