{"time_series": {"min_data": [[1604102400000.0, 291.94757080078125], [1606694400000.0, 283.4497375488281], [1609372800000.0, 277.82861328125], [1612051200000.0, 277.8680419921875], [1614470400000.0, 283.30621337890625], [1617148800000.0, 286.6562194824219]], "max_data": [[1604102400000.0, 292.89276123046875], [1606694400000.0, 284.4343566894531], [1609372800000.0, 278.7456970214844], [1612051200000.0, 278.71002197265625], [1614470400000.0, 284.3027038574219], [1617148800000.0, 287.8406677246094]], "median_data": [[1604102400000.0, 292.6530456542969], [1606694400000.0, 284.16864013671875], [1609372800000.0, 278.53204345703125], [1612051200000.0, 278.4871826171875], [1614470400000.0, 284.083251953125], [1617148800000.0, 287.5028381347656]], "mean_data": [[1604102400000.0, 292.5888095431858], [1606694400000.0, 284.06435139973956], [1609372800000.0, 278.4489576551649], [1612051200000.0, 278.41160074869794], [1614470400000.0, 283.9619717068142], [1617148800000.0, 287.4407314724392]]}, "success": "success", "interval": "mm"}