{"time_series": {"min_data": [[1564531200000.0, 0.0052096727304160595], [1567209600000.0, 0.003965007606893778], [1569801600000.0, 0.024968013167381287], [1572480000000.0, 0.1351354867219925], [1575072000000.0, 0.3563674986362457], [1577750400000.0, 0.6168575286865234], [1580428800000.0, 1.034989356994629], [1582934400000.0, 1.2401987314224243], [1585612800000.0, 0.9627070426940918], [1588204800000.0, 0.48803359270095825], [1590883200000.0, 0.10240884125232697], [1593475200000.0, 0.012118038721382618]], "max_data": [[1564531200000.0, 0.14890331029891968], [1567209600000.0, 0.12779942154884338], [1569801600000.0, 0.14014355838298798], [1572480000000.0, 0.27749282121658325], [1575072000000.0, 0.5316714644432068], [1577750400000.0, 0.8541505932807922], [1580428800000.0, 1.257803201675415], [1582934400000.0, 1.5052090883255005], [1585612800000.0, 1.2853225469589233], [1588204800000.0, 0.8420535922050476], [1590883200000.0, 0.3828083276748657], [1593475200000.0, 0.1971392035484314]], "median_data": [[1564531200000.0, 0.01067853718996048], [1567209600000.0, 0.008994339499622583], [1569801600000.0, 0.052882447838783264], [1572480000000.0, 0.20692334324121475], [1575072000000.0, 0.42068086564540863], [1577750400000.0, 0.7462271451950073], [1580428800000.0, 1.1312912106513977], [1582934400000.0, 1.3377986550331116], [1585612800000.0, 1.0758033990859985], [1588204800000.0, 0.5562745332717896], [1590883200000.0, 0.14053191244602203], [1593475200000.0, 0.023045407608151436]], "mean_data": [[1564531200000.0, 0.017009565117768945], [1567209600000.0, 0.014312969543971122], [1569801600000.0, 0.05714347325265408], [1572480000000.0, 0.2040393903851509], [1575072000000.0, 0.4381548047065735], [1577750400000.0, 0.7577809810638427], [1580428800000.0, 1.1399626314640046], [1582934400000.0, 1.338828045129776], [1585612800000.0, 1.077395859360695], [1588204800000.0, 0.5636999681591988], [1590883200000.0, 0.14810261689126492], [1593475200000.0, 0.030165929533541202]]}, "success": "success", "interval": "3m"}