{"time_series": {"min_data": [[1107129600000.0, 0.10816539078950882], [1109548800000.0, 0.4033600389957428], [1112227200000.0, 1.2325090169906616], [1114819200000.0, 1.0791265964508057], [1117497600000.0, 1.0225896835327148], [1120089600000.0, 0.26404350996017456], [1122768000000.0, 0.02508104220032692], [1125446400000.0, 0.00592653127387166], [1128038400000.0, -0.0016197317745536566], [1130716800000.0, -0.0004297261475585401], [1133308800000.0, 0.0024671792052686214], [1135987200000.0, 0.030486581847071648]], "max_data": [[1107129600000.0, 0.21901628375053406], [1109548800000.0, 0.6751918196678162], [1112227200000.0, 1.7476794719696045], [1114819200000.0, 1.5297377109527588], [1117497600000.0, 1.4888700246810913], [1120089600000.0, 0.7425747513771057], [1122768000000.0, 0.3617566227912903], [1125446400000.0, 0.28106534481048584], [1128038400000.0, 0.2210402935743332], [1130716800000.0, 0.11438870429992676], [1133308800000.0, 0.06295377016067505], [1135987200000.0, 0.33304163813591003]], "median_data": [[1107129600000.0, 0.19220022857189178], [1109548800000.0, 0.6364988088607788], [1112227200000.0, 1.619210958480835], [1114819200000.0, 1.3419275283813477], [1117497600000.0, 1.2553555965423584], [1120089600000.0, 0.3427730202674866], [1122768000000.0, 0.039266955107450485], [1125446400000.0, 0.006469888146966696], [1128038400000.0, -0.0010116336634382606], [1130716800000.0, 0.00044741597957909107], [1133308800000.0, 0.025415970012545586], [1135987200000.0, 0.0514536127448082]], "mean_data": [[1107129600000.0, 0.1744993958208296], [1109548800000.0, 0.5691027939319611], [1112227200000.0, 1.535418642891778], [1114819200000.0, 1.3068803681267633], [1117497600000.0, 1.2445631159676447], [1120089600000.0, 0.4458608660433028], [1122768000000.0, 0.1412170465207762], [1125446400000.0, 0.09466647341226538], [1128038400000.0, 0.07078501579558684], [1130716800000.0, 0.03783295517152712], [1133308800000.0, 0.029261292631013527], [1135987200000.0, 0.1323301326483488]]}, "success": "success", "interval": "mm"}