{"time_series": {"min_data": [[1107129600000.0, 273.9640808105469], [1109548800000.0, 274.19561767578125], [1112227200000.0, 280.41363525390625], [1114819200000.0, 290.60211181640625], [1117497600000.0, 296.22882080078125], [1120089600000.0, 300.7860107421875], [1122768000000.0, 303.49383544921875], [1125446400000.0, 302.0579528808594], [1128038400000.0, 300.09576416015625], [1130716800000.0, 293.2514343261719], [1133308800000.0, 284.60888671875], [1135987200000.0, 279.40777587890625]], "max_data": [[1107129600000.0, 274.3590087890625], [1109548800000.0, 274.6540222167969], [1112227200000.0, 281.6634826660156], [1114819200000.0, 291.9827880859375], [1117497600000.0, 296.9063415527344], [1120089600000.0, 301.6468200683594], [1122768000000.0, 304.1807861328125], [1125446400000.0, 302.72344970703125], [1128038400000.0, 300.76190185546875], [1130716800000.0, 293.9040222167969], [1133308800000.0, 285.3975830078125], [1135987200000.0, 280.26519775390625]], "median_data": [[1107129600000.0, 274.1781005859375], [1109548800000.0, 274.4632568359375], [1112227200000.0, 281.0755310058594], [1114819200000.0, 291.42730712890625], [1117497600000.0, 296.7375793457031], [1120089600000.0, 301.3333740234375], [1122768000000.0, 303.9348449707031], [1125446400000.0, 302.4903259277344], [1128038400000.0, 300.5198974609375], [1130716800000.0, 293.68060302734375], [1133308800000.0, 285.1075134277344], [1135987200000.0, 279.7257080078125]], "mean_data": [[1107129600000.0, 274.1663987901476], [1109548800000.0, 274.4377034505208], [1112227200000.0, 281.0865953233507], [1114819200000.0, 291.3499823676215], [1117497600000.0, 296.67494032118054], [1120089600000.0, 301.2766282823351], [1122768000000.0, 303.86378987630206], [1125446400000.0, 302.42360432942706], [1128038400000.0, 300.4356452094184], [1130716800000.0, 293.59364827473956], [1133308800000.0, 285.05852593315973], [1135987200000.0, 279.7704603407118]]}, "success": "success", "interval": "mm"}