{"time_series": {"min_data": [[1602288000000.0, 294.1930236816406], [1603152000000.0, 291.2438659667969]], "max_data": [[1602288000000.0, 295.10430908203125], [1603152000000.0, 292.26837158203125]], "median_data": [[1602288000000.0, 294.94061279296875], [1603152000000.0, 291.94451904296875]], "mean_data": [[1602288000000.0, 294.8504401312934], [1603152000000.0, 291.879638671875]]}, "success": "success", "interval": "dd"}