{"time_series": {"min_data": [[1602288000000.0, 177.15512084960938], [1603152000000.0, 176.8800048828125]], "max_data": [[1602288000000.0, 186.7214813232422], [1603152000000.0, 186.64450073242188]], "median_data": [[1602288000000.0, 184.2905044555664], [1603152000000.0, 184.29029083251953]], "mean_data": [[1602288000000.0, 184.18462905883788], [1603152000000.0, 184.17025833129884]]}, "success": "success", "interval": "dd"}