{"time_series": {"min_data": [[1564531200000.0, 0.004732994362711906], [1567209600000.0, 0.008902362547814846], [1569801600000.0, 0.07015681266784668], [1572480000000.0, 0.30078554153442383], [1575072000000.0, 0.7275165915489197], [1577750400000.0, 1.1885325908660889], [1580428800000.0, 1.2823572158813477], [1582934400000.0, 1.1209825277328491], [1585612800000.0, 0.6318941712379456], [1588204800000.0, 0.23792608082294464], [1590883200000.0, 0.020763352513313293], [1593475200000.0, 0.005049780942499638]], "max_data": [[1564531200000.0, 0.01568598672747612], [1567209600000.0, 0.012633494101464748], [1569801600000.0, 0.1713593751192093], [1572480000000.0, 0.5672211647033691], [1575072000000.0, 1.0172348022460938], [1577750400000.0, 1.6517843008041382], [1580428800000.0, 1.7184113264083862], [1582934400000.0, 1.5595418214797974], [1585612800000.0, 0.8182893395423889], [1588204800000.0, 0.2985966205596924], [1590883200000.0, 0.06269506365060806], [1593475200000.0, 0.016609249636530876]], "median_data": [[1564531200000.0, 0.009456580504775047], [1567209600000.0, 0.010437211487442255], [1569801600000.0, 0.11073048040270805], [1572480000000.0, 0.4297850430011749], [1575072000000.0, 0.8514303267002106], [1577750400000.0, 1.3410415053367615], [1580428800000.0, 1.4224435091018677], [1582934400000.0, 1.2545923590660095], [1585612800000.0, 0.7302517592906952], [1588204800000.0, 0.27439142763614655], [1590883200000.0, 0.042726194486021996], [1593475200000.0, 0.010177551303058863]], "mean_data": [[1564531200000.0, 0.009219828760251403], [1567209600000.0, 0.010685075307264924], [1569801600000.0, 0.1154993675649166], [1572480000000.0, 0.42778163999319074], [1575072000000.0, 0.8503498435020447], [1577750400000.0, 1.358205258846283], [1580428800000.0, 1.4416090667247772], [1582934400000.0, 1.2735772788524629], [1585612800000.0, 0.7207522451877594], [1588204800000.0, 0.2690278045833111], [1590883200000.0, 0.04292896836996078], [1593475200000.0, 0.009859999921172858]]}, "success": "success", "interval": "3m"}