{"time_series": {"min_data": [[1604102400000.0, 153.93276977539062], [1606694400000.0, 155.2489776611328], [1609372800000.0, 158.24020385742188], [1612051200000.0, 159.9798126220703], [1614470400000.0, 160.98838806152344], [1617148800000.0, 160.86160278320312]], "max_data": [[1604102400000.0, 184.1080322265625], [1606694400000.0, 184.2039337158203], [1609372800000.0, 185.18264770507812], [1612051200000.0, 185.3235626220703], [1614470400000.0, 185.26611328125], [1617148800000.0, 184.9713592529297]], "median_data": [[1604102400000.0, 183.2692108154297], [1606694400000.0, 183.49114990234375], [1609372800000.0, 184.54010009765625], [1612051200000.0, 184.79307556152344], [1614470400000.0, 184.7783966064453], [1617148800000.0, 184.48275756835938]], "mean_data": [[1604102400000.0, 173.97493659125433], [1606694400000.0, 174.522708468967], [1609372800000.0, 176.18124389648438], [1612051200000.0, 176.87742275661893], [1614470400000.0, 177.17823282877603], [1617148800000.0, 176.9309539794922]]}, "success": "success", "interval": "mm"}