{"time_series": {"min_data": [[1602288000000.0, 280.5472412109375], [1603152000000.0, 276.8894958496094]], "max_data": [[1602288000000.0, 281.50384521484375], [1603152000000.0, 278.1453552246094]], "median_data": [[1602288000000.0, 281.1402893066406], [1603152000000.0, 277.43536376953125]], "mean_data": [[1602288000000.0, 281.1537136501736], [1603152000000.0, 277.55036078559027]]}, "success": "success", "interval": "dd"}