{"time_series": {"min_data": [[1604102400000.0, 277.7516174316406], [1606694400000.0, 273.8146057128906], [1609372800000.0, 271.60906982421875], [1612051200000.0, 270.7696533203125], [1614470400000.0, 274.70904541015625], [1617148800000.0, 277.5669250488281]], "max_data": [[1604102400000.0, 278.9127197265625], [1606694400000.0, 274.4537658691406], [1609372800000.0, 272.3319091796875], [1612051200000.0, 271.3871765136719], [1614470400000.0, 275.3742980957031], [1617148800000.0, 278.2039489746094]], "median_data": [[1604102400000.0, 278.31671142578125], [1606694400000.0, 274.18634033203125], [1609372800000.0, 272.15826416015625], [1612051200000.0, 271.2100830078125], [1614470400000.0, 275.2601013183594], [1617148800000.0, 278.05517578125]], "mean_data": [[1604102400000.0, 278.39711507161456], [1606694400000.0, 274.14879014756946], [1609372800000.0, 272.0746019151476], [1612051200000.0, 271.13634914822046], [1614470400000.0, 275.15986802842883], [1617148800000.0, 277.98906792534723]]}, "success": "success", "interval": "mm"}