{"time_series": {"min_data": [[1564531200000.0, 170.148193359375], [1567209600000.0, 169.17674255371094], [1569801600000.0, 173.9344024658203], [1572480000000.0, 190.6937255859375], [1575072000000.0, 213.8482666015625], [1577750400000.0, 234.2481689453125], [1580428800000.0, 241.8444366455078], [1582934400000.0, 233.37451171875], [1585612800000.0, 212.8421173095703], [1588204800000.0, 193.18910217285156], [1590883200000.0, 179.2476043701172], [1593475200000.0, 171.9333038330078]], "max_data": [[1564531200000.0, 183.3894805908203], [1567209600000.0, 183.1973114013672], [1569801600000.0, 189.03729248046875], [1572480000000.0, 206.60887145996094], [1575072000000.0, 229.9713134765625], [1577750400000.0, 251.08143615722656], [1580428800000.0, 257.410400390625], [1582934400000.0, 249.4054718017578], [1585612800000.0, 226.62237548828125], [1588204800000.0, 202.9982452392578], [1590883200000.0, 188.09776306152344], [1593475200000.0, 183.9784393310547]], "median_data": [[1564531200000.0, 179.28987884521484], [1567209600000.0, 179.32235717773438], [1569801600000.0, 183.48430633544922], [1572480000000.0, 197.5042266845703], [1575072000000.0, 219.18138885498047], [1577750400000.0, 240.05327606201172], [1580428800000.0, 247.14158630371094], [1582934400000.0, 238.70254516601562], [1585612800000.0, 218.2391815185547], [1588204800000.0, 197.16876983642578], [1590883200000.0, 183.59539031982422], [1593475200000.0, 179.7301483154297]], "mean_data": [[1564531200000.0, 179.12253646850587], [1567209600000.0, 179.06529006958007], [1569801600000.0, 183.46611404418945], [1572480000000.0, 198.15335235595703], [1575072000000.0, 220.24277267456054], [1577750400000.0, 240.71790924072266], [1580428800000.0, 247.66476287841797], [1582934400000.0, 239.45226364135743], [1585612800000.0, 218.52593154907225], [1588204800000.0, 197.13475189208984], [1590883200000.0, 183.51427612304687], [1593475200000.0, 179.60629348754884]]}, "success": "success", "interval": "3m"}