{"time_series": {"min_data": [[1602288000000.0, 282.77740478515625], [1603152000000.0, 278.55902099609375]], "max_data": [[1602288000000.0, 284.85333251953125], [1603152000000.0, 279.9381408691406]], "median_data": [[1602288000000.0, 283.8722839355469], [1603152000000.0, 278.9488983154297]], "mean_data": [[1602288000000.0, 283.8020248413086], [1603152000000.0, 279.0115234375]]}, "success": "success", "interval": "dd"}