{"time_series": {"min_data": [[1564531200000.0, 305.7965393066406], [1567209600000.0, 303.61212158203125], [1569801600000.0, 301.9280700683594], [1572480000000.0, 293.13421630859375], [1575072000000.0, 286.28302001953125], [1577750400000.0, 301.0687561035156], [1580428800000.0, 301.0687561035156], [1582934400000.0, 301.0687561035156], [1585612800000.0, 301.0687561035156], [1588204800000.0, 301.0687561035156], [1590883200000.0, 301.0687561035156], [1593475200000.0, 301.0687561035156]], "max_data": [[1564531200000.0, 306.62420654296875], [1567209600000.0, 304.54876708984375], [1569801600000.0, 303.1620178222656], [1572480000000.0, 294.0546875], [1575072000000.0, 287.192138671875], [1577750400000.0, 301.9780578613281], [1580428800000.0, 301.9780578613281], [1582934400000.0, 301.9780578613281], [1585612800000.0, 301.9780578613281], [1588204800000.0, 301.9780578613281], [1590883200000.0, 301.9780578613281], [1593475200000.0, 301.9780578613281]], "median_data": [[1564531200000.0, 306.49932861328125], [1567209600000.0, 304.3667297363281], [1569801600000.0, 302.8190002441406], [1572480000000.0, 293.84442138671875], [1575072000000.0, 287.03857421875], [1577750400000.0, 301.82989501953125], [1580428800000.0, 301.82989501953125], [1582934400000.0, 301.82989501953125], [1585612800000.0, 301.82989501953125], [1588204800000.0, 301.82989501953125], [1590883200000.0, 301.82989501953125], [1593475200000.0, 301.82989501953125]], "mean_data": [[1564531200000.0, 306.3947482638889], [1567209600000.0, 304.2723897298177], [1569801600000.0, 302.7096421983507], [1572480000000.0, 293.7714199490017], [1575072000000.0, 286.94322374131946], [1577750400000.0, 301.70341322157117], [1580428800000.0, 301.70341322157117], [1582934400000.0, 301.70341322157117], [1585612800000.0, 301.70341322157117], [1588204800000.0, 301.70341322157117], [1590883200000.0, 301.70341322157117], [1593475200000.0, 301.70341322157117]]}, "success": "success", "interval": "3m"}