{"time_series": {"min_data": [[1107129600000.0, 99.0], [1109548800000.0, 93.0], [1112227200000.0, 103.0], [1114819200000.0, 104.0], [1117497600000.0, 105.0], [1120089600000.0, 105.0], [1122768000000.0, 105.0], [1125446400000.0, 105.0], [1128038400000.0, 104.0], [1130716800000.0, 105.0], [1133308800000.0, 105.0], [1135987200000.0, 104.0]], "max_data": [[1107129600000.0, 241.0], [1109548800000.0, 241.0], [1112227200000.0, 241.0], [1114819200000.0, 241.0], [1117497600000.0, 241.0], [1120089600000.0, 241.0], [1122768000000.0, 241.0], [1125446400000.0, 241.0], [1128038400000.0, 241.0], [1130716800000.0, 241.0], [1133308800000.0, 241.0], [1135987200000.0, 241.0]], "median_data": [[1107129600000.0, 241.0], [1109548800000.0, 241.0], [1112227200000.0, 241.0], [1114819200000.0, 241.0], [1117497600000.0, 241.0], [1120089600000.0, 241.0], [1122768000000.0, 241.0], [1125446400000.0, 241.0], [1128038400000.0, 241.0], [1130716800000.0, 241.0], [1133308800000.0, 241.0], [1135987200000.0, 241.0]], "mean_data": [[1107129600000.0, 204.08030904837042], [1109548800000.0, 202.710756842048], [1112227200000.0, 205.40448337776812], [1114819200000.0, 206.23934925730453], [1117497600000.0, 207.34158550519615], [1120089600000.0, 207.60313401164373], [1122768000000.0, 207.27248490124597], [1125446400000.0, 206.87594537243592], [1128038400000.0, 206.6658142445182], [1130716800000.0, 206.36269655585178], [1133308800000.0, 205.95440448337777], [1135987200000.0, 205.76478589694761]]}, "success": "success", "interval": "mm"}