{"time_series": {"min_data": [[1585612800000.0, 188.11004638671875], [1588204800000.0, 188.11004638671875], [1590883200000.0, 188.11004638671875], [1593475200000.0, 188.11004638671875]], "max_data": [[1585612800000.0, 207.720947265625], [1588204800000.0, 207.720947265625], [1590883200000.0, 207.720947265625], [1593475200000.0, 207.720947265625]], "median_data": [[1585612800000.0, 203.79806518554688], [1588204800000.0, 203.79806518554688], [1590883200000.0, 203.79806518554688], [1593475200000.0, 203.79806518554688]], "mean_data": [[1585612800000.0, 199.8043687608507], [1588204800000.0, 199.8043687608507], [1590883200000.0, 199.8043687608507], [1593475200000.0, 199.8043687608507]]}, "success": "success", "interval": "3m"}