{"time_series": {"min_data": [[1107129600000.0, 195.7984619140625], [1109548800000.0, 231.89266967773438], [1112227200000.0, 251.5770721435547], [1114819200000.0, 212.77012634277344], [1117497600000.0, 198.40753173828125], [1120089600000.0, 163.09201049804688], [1122768000000.0, 145.2166748046875], [1125446400000.0, 139.48944091796875], [1128038400000.0, 135.924072265625], [1130716800000.0, 133.71266174316406], [1133308800000.0, 139.42300415039062], [1135987200000.0, 150.12680053710938]], "max_data": [[1107129600000.0, 265.1215515136719], [1109548800000.0, 279.120849609375], [1112227200000.0, 282.0780029296875], [1114819200000.0, 243.90359497070312], [1117497600000.0, 227.11874389648438], [1120089600000.0, 198.33306884765625], [1122768000000.0, 185.58033752441406], [1125446400000.0, 183.87625122070312], [1128038400000.0, 183.53262329101562], [1130716800000.0, 183.14849853515625], [1133308800000.0, 197.10385131835938], [1135987200000.0, 229.3615264892578]], "median_data": [[1107129600000.0, 259.769775390625], [1109548800000.0, 277.5365905761719], [1112227200000.0, 278.4135437011719], [1114819200000.0, 239.8877410888672], [1117497600000.0, 219.65313720703125], [1120089600000.0, 193.80638122558594], [1122768000000.0, 184.16616821289062], [1125446400000.0, 182.96145629882812], [1128038400000.0, 182.64834594726562], [1130716800000.0, 182.3715362548828], [1133308800000.0, 187.74317932128906], [1135987200000.0, 198.50401306152344]], "mean_data": [[1107129600000.0, 240.69483269585504], [1109548800000.0, 263.5067613389757], [1112227200000.0, 270.62476433648004], [1114819200000.0, 232.08731926812067], [1117497600000.0, 215.73190307617188], [1120089600000.0, 185.453854031033], [1122768000000.0, 171.83422682020398], [1125446400000.0, 168.85428534613715], [1128038400000.0, 167.5137905544705], [1130716800000.0, 166.5714365641276], [1133308800000.0, 174.20442708333334], [1135987200000.0, 193.31639268663196]]}, "success": "success", "interval": "mm"}