{"time_series": {"min_data": [[1617148800000.0, 286.6562194824219]], "max_data": [[1617148800000.0, 287.8406677246094]], "median_data": [[1617148800000.0, 287.5028381347656]], "mean_data": [[1617148800000.0, 287.4407314724392]]}, "success": "success", "interval": "mm"}