{"time_series": {"min_data": [[1564531200000.0, 0.0], [1567209600000.0, 0.0], [1569801600000.0, 0.0], [1572480000000.0, 0.21187269687652588], [1575072000000.0, 0.21187269687652588], [1577750400000.0, 0.035166844725608826], [1580428800000.0, 0.035166844725608826], [1582934400000.0, 0.035166844725608826], [1585612800000.0, 0.035166844725608826], [1588204800000.0, 0.035166844725608826], [1590883200000.0, 0.035166844725608826], [1593475200000.0, 0.035166844725608826]], "max_data": [[1564531200000.0, 0.009804612025618553], [1567209600000.0, 0.0], [1569801600000.0, 0.0], [1572480000000.0, 0.3335008919239044], [1575072000000.0, 0.3335008919239044], [1577750400000.0, 0.07765397429466248], [1580428800000.0, 0.07765397429466248], [1582934400000.0, 0.07765397429466248], [1585612800000.0, 0.07765397429466248], [1588204800000.0, 0.07765397429466248], [1590883200000.0, 0.07765397429466248], [1593475200000.0, 0.07765397429466248]], "median_data": [[1564531200000.0, 0.0], [1567209600000.0, 0.0], [1569801600000.0, 0.0], [1572480000000.0, 0.2645677179098129], [1575072000000.0, 0.26500849425792694], [1577750400000.0, 0.05935600958764553], [1580428800000.0, 0.05935600958764553], [1582934400000.0, 0.05935600958764553], [1585612800000.0, 0.05935600958764553], [1588204800000.0, 0.05935600958764553], [1590883200000.0, 0.05935600958764553], [1593475200000.0, 0.05935600958764553]], "mean_data": [[1564531200000.0, 0.0005969826393993572], [1567209600000.0, 0.0], [1569801600000.0, 0.0], [1572480000000.0, 0.2703626349568367], [1575072000000.0, 0.2729864612221718], [1577750400000.0, 0.05818815249949694], [1580428800000.0, 0.05818815249949694], [1582934400000.0, 0.05818815249949694], [1585612800000.0, 0.05818815249949694], [1588204800000.0, 0.05818815249949694], [1590883200000.0, 0.05818815249949694], [1593475200000.0, 0.05818815249949694]]}, "success": "success", "interval": "3m"}