{"time_series": {"min_data": [[1585612800000.0, 220.5518798828125], [1588204800000.0, 198.6449737548828], [1590883200000.0, 177.963134765625], [1593475200000.0, 169.6797637939453]], "max_data": [[1585612800000.0, 268.9269714355469], [1588204800000.0, 252.99301147460938], [1590883200000.0, 238.9100341796875], [1593475200000.0, 233.2978057861328]], "median_data": [[1585612800000.0, 267.4858093261719], [1588204800000.0, 250.69381713867188], [1590883200000.0, 237.69557189941406], [1593475200000.0, 232.4397430419922]], "mean_data": [[1585612800000.0, 252.3215535481771], [1588204800000.0, 234.11060078938803], [1590883200000.0, 218.18958028157553], [1593475200000.0, 211.80577087402344]]}, "success": "success", "interval": "mm"}