{"time_series": {"min_data": [[1585612800000.0, 0.8942431211471558], [1588204800000.0, 0.3726225793361664], [1590883200000.0, 0.14073298871517181], [1593475200000.0, 0.00018765038112178445]], "max_data": [[1585612800000.0, 0.9987819790840149], [1588204800000.0, 0.673973560333252], [1590883200000.0, 0.2528096139431], [1593475200000.0, 0.0018465975299477577]], "median_data": [[1585612800000.0, 0.8960686922073364], [1588204800000.0, 0.4657638370990753], [1590883200000.0, 0.16933676600456238], [1593475200000.0, 0.0003833042283076793]], "mean_data": [[1585612800000.0, 0.9296979308128357], [1588204800000.0, 0.5041199922561646], [1590883200000.0, 0.18762645622094473], [1593475200000.0, 0.0008058507131257405]]}, "success": "success", "interval": "mm"}